index,job_title,rating,company,location,headquarters,size,ownership,sector,salary_start,salary_end,location_state
307,Data Scientist,3.2,"Kollasoft Inc.
3.2",United States,"Scottsdale, AZ",1 to 50 employees,Company - Private,Information Technology,145000,225000,Other
632,Data Scientist,4.9,"Avlino
4.9","New Jersey, NJ","Holmdel, NJ",1 to 50 employees,Company - Private,Information Technology,92000,155000, NJ
524,Data Scientist,0,CompuForce,"New York, NY","New York, NY",Unknown,Company - Private,Unknown,212000,331000, NY
519,Other,0,Monte Rosa Therapeutics,"Cambridge, MA",Unknown,Unknown,Unknown,Unknown,212000,331000, MA
108,Data Scientist,4.1,"HP Inc.
4.1","San Diego, CA","Palo Alto, CA",10000+ employees,Company - Public,Information Technology,99000,132000, CA
273,Data Scientist,3.2,"Metronome, LLC
3.2","Vienna, VA","Fairfax, VA",51 to 200 employees,Company - Private,Information Technology,91000,150000, VA
245,Data Scientist,3.7,"Sanofi
3.7","Cambridge, MA","Paris, France",10000+ employees,Company - Public,Biotech & Pharmaceuticals,90000,124000, MA
246,Data Scientist,3.7,"XPO Logistics
3.7","Lebanon, IN","Greenwich, CT",10000+ employees,Company - Public,Transportation & Logistics,90000,124000, IN
401,Data Engineer,3.9,"Navy Federal Credit Union
3.9","Merrifield, VA","Vienna, VA",10000+ employees,Other Organization,Finance,110000,163000, VA
402,Other,4.0,"Exact Sciences Corporation
4.0","Madison, WI","Madison, WI",1001 to 5000 employees,Company - Public,Health Care,110000,163000, WI
404,Other,3.3,"Reynolds American
3.3","Winston-Salem, NC","Winston-Salem, NC",5001 to 10000 employees,Company - Private,Manufacturing,110000,163000, NC
262,Data Scientist,3.8,"MIT Lincoln Laboratory
3.8","Lexington, MA","Lexington, MA",1001 to 5000 employees,Nonprofit Organization,Aerospace & Defense,91000,150000, MA
263,Data Scientist,3.3,"Puget Sound Energy
3.3","Bothell, WA","Bellevue, WA",1001 to 5000 employees,Company - Private,"Oil, Gas, Energy & Utilities",91000,150000, WA
264,Data Scientist,3.7,"Pacific Northwest National Laboratory
3.7","Richland, WA","Richland, WA",1001 to 5000 employees,Government,"Oil, Gas, Energy & Utilities",91000,150000, WA
24,Data Scientist,3.4,"Spectrum Communications and Consulting
3.4","Chicago, IL","Chicago, IL",51 to 200 employees,Company - Private,Business Services,137000,171000, IL
266,Data Scientist,3.2,"US Pharmacopeia
3.2","Rockville, MD","Rockville, MD",1001 to 5000 employees,Nonprofit Organization,Biotech & Pharmaceuticals,91000,150000, MD
283,Data Scientist,3.4,"Edmunds.com
3.4","Santa Monica, CA","Santa Monica, CA",501 to 1000 employees,Company - Private,Information Technology,141000,225000, CA
284,Data Scientist,5.0,"Cohere Health
5.0","Boston, MA","Boston, MA",1 to 50 employees,Company - Private,Information Technology,141000,225000, MA
279,Data Scientist,3.3,"Underwriters Laboratories
3.3","Northbrook, IL","Northbrook, IL",10000+ employees,Company - Private,Business Services,91000,150000, IL
280,Data Scientist,3.7,"Altus Group
3.7","Irvine, CA","Toronto, Canada",1001 to 5000 employees,Company - Public,Real Estate,91000,150000, CA
530,Data Scientist,3.6,"Powertek
3.6","Washington, DC","Rockville, MD",51 to 200 employees,Company - Private,Information Technology,66000,112000, DC
532,Data Scientist,3.1,"Bayside Solutions
3.1","Sunnyvale, CA","Pleasanton, CA",1 to 50 employees,Company - Private,Business Services,66000,112000, CA
25,Data Scientist,4.7,"Oversight Systems
4.7","Atlanta, GA","Atlanta, GA",51 to 200 employees,Company - Private,Information Technology,137000,171000, GA
432,Data Engineer,4.4,"Rocket Lawyer
4.4","San Francisco, CA","San Francisco, CA",51 to 200 employees,Company - Private,Information Technology,79000,133000, CA
274,Data Scientist,5.0,"SkillSoniq
5.0","San Francisco, CA","Jersey City, NJ",Unknown,Company - Public,Unknown,91000,150000, CA
550,Data Scientist,4.3,"Lightspeed Systems
4.3","Austin, TX","Austin, TX",51 to 200 employees,Company - Private,Information Technology,128000,201000, TX
551,Data Scientist,3.9,"Thumbtack
3.9","San Francisco, CA","San Francisco, CA",501 to 1000 employees,Company - Private,Information Technology,128000,201000, CA
559,Data Scientist,4.5,"E3 Federal Solutions
4.5","Chantilly, VA","McLean, VA",501 to 1000 employees,Company - Private,Business Services,128000,201000, VA
26,Data Scientist,4.2,"LSQ
4.2","Orlando, FL","Orlando, FL",51 to 200 employees,Company - Private,Finance,137000,171000, FL
27,Data Scientist,3.8,"MIT Lincoln Laboratory
3.8","Lexington, MA","Lexington, MA",1001 to 5000 employees,Nonprofit Organization,Aerospace & Defense,137000,171000, MA
288,Data Scientist,4.3,"Joby Aviation
4.3","San Carlos, CA","Santa Cruz, CA",51 to 200 employees,Company - Private,Unknown,141000,225000, CA
282,Data Scientist,0,Trovetechs Inc,"San Francisco, CA","Hillsborough, NJ",Unknown,Company - Private,Unknown,91000,150000, CA
285,Data Scientist,0,Trovetechs Inc,"San Francisco, CA","Hillsborough, NJ",Unknown,Company - Private,Unknown,141000,225000, CA
292,Data Scientist,3.5,"Leidos
3.5","Arlington, VA","Reston, VA",10000+ employees,Company - Public,Aerospace & Defense,141000,225000, VA
293,Data Scientist,3.7,"Take-Two
3.7","San Francisco, CA","New York, NY",1001 to 5000 employees,Company - Public,Media,141000,225000, CA
294,Data Scientist,3.7,"Colony Brands
3.7","Monroe, WI","Monroe, WI",501 to 1000 employees,Company - Private,Retail,141000,225000, WI
438,Data Scientist,0,"Blue Icy Water, LLC",United States,"Livonia, MI",1 to 50 employees,Company - Private,Unknown,79000,133000,Other
483,Data Scientist,2.9,"Pragmatics, Inc.
2.9",United States,"Reston, VA",201 to 500 employees,Company - Private,Information Technology,31000,56000,Other
570,Data Scientist,3.9,"Mars
3.9",United States,"Mc Lean, VA",10000+ employees,Company - Private,Manufacturing,138000,158000,Other
53,Data Engineer,4.8,"IT Concepts
4.8",Remote,"Vienna, VA",51 to 200 employees,Company - Private,Information Technology,75000,131000,Other
19,Other,3.5,"Tower Health
3.5","West Grove, PA","Reading, PA",5001 to 10000 employees,Nonprofit Organization,Health Care,137000,171000, PA
22,Other,3.5,"Exponent
3.5","Phoenix, AZ","Menlo Park, CA",1001 to 5000 employees,Company - Public,Business Services,137000,171000, AZ
23,Other,3.5,"Guardian Life
3.5","Appleton, WI","New York, NY",5001 to 10000 employees,Company - Private,Insurance,137000,171000, WI
36,Other,2.7,"Sandhills Global
2.7","Lincoln, NE","Lincoln, NE",1001 to 5000 employees,Company - Private,Information Technology,75000,131000, NE
40,Data Analyst,3.1,"Cambridge Associates, LLC
3.1","Boston, MA","Boston, MA",501 to 1000 employees,Company - Private,Finance,75000,131000, MA
50,Data Analyst,4.8,"Giving Assistant
4.8","San Francisco, CA","San Francisco, CA",1 to 50 employees,Company - Private,Business Services,75000,131000, CA
54,Data Analyst,3.5,"iSeatz
3.5","New Orleans, LA","New Orleans, LA",51 to 200 employees,Company - Private,Information Technology,75000,131000, LA
60,Data Analyst,3.8,"Swiss Re
3.8","Fort Wayne, IN","Zurich, Switzerland",10000+ employees,Company - Public,Insurance,75000,131000, IN
55,Data Engineer,3.7,"Summa Health System
3.7","Akron, OH","Akron, OH",5001 to 10000 employees,Nonprofit Organization,Health Care,75000,131000, OH
364,Data Scientist,4.3,"Quick Base
4.3","Cambridge, MA","Cambridge, MA",201 to 500 employees,Company - Private,Information Technology,112000,116000, MA
561,Data Scientist,3.4,"Peraton
3.4","Chantilly, VA","Herndon, VA",1001 to 5000 employees,Company - Private,Aerospace & Defense,128000,201000, VA
28,Data Scientist,4.5,"Kingfisher Systems
4.5","McLean, VA","Falls Church, VA",51 to 200 employees,Company - Private,Government,137000,171000, VA
29,Data Scientist,2.8,"Formation
2.8","San Francisco, CA","San Francisco, CA",51 to 200 employees,Company - Private,Information Technology,137000,171000, CA
445,Machine Learning Engineer,4.8,"Jane Street
4.8","New York, NY","New York, NY",501 to 1000 employees,Company - Private,Finance,79000,133000, NY
290,Data Scientist,0,PETADATA,"San Francisco, CA","Fremont, CA",51 to 200 employees,Company - Private,Unknown,141000,225000, CA
295,Data Scientist,4.1,"Capio Group
4.1","Sacramento, CA","Goteborg, Sweden",10000+ employees,Hospital,Health Care,141000,225000, CA
296,Data Scientist,3.4,"SleePare
3.4","New York, NY","New York, NY",1 to 50 employees,Company - Private,Retail,141000,225000, NY
298,Data Scientist,3.5,"Dolphin
3.5","New York, NY","Lake Buena Vista, FL",1001 to 5000 employees,Company - Private,Travel & Tourism,141000,225000, NY
299,Data Scientist,3.6,"TE Connectivity
3.6","Hampton, VA","Schaffhausen, Switzerland",10000+ employees,Company - Public,Manufacturing,141000,225000, VA
300,Data Scientist,3.2,"State of Virginia
3.2","Richmond, VA","Richmond, VA",10000+ employees,Government,Government,141000,225000, VA
301,Data Scientist,3.7,"TA Digital
3.7","New York, NY","Newark, CA",501 to 1000 employees,Company - Private,Information Technology,141000,225000, NY
30,Data Scientist,3.8,"Analysis Group
3.8","Boston, MA","Boston, MA",1001 to 5000 employees,Private Practice / Firm,Business Services,75000,131000, MA
31,Data Scientist,3.9,"Novartis
3.9","Cambridge, MA","Basel, Switzerland",10000+ employees,Company - Public,Biotech & Pharmaceuticals,75000,131000, MA
458,Machine Learning Engineer,2.6,"Software Engineering Institute
2.6","Pittsburgh, PA","Pittsburgh, PA",501 to 1000 employees,College / University,Education,69000,116000, PA
302,Data Scientist,4.0,"Market America Inc
4.0","Monterey, CA","Greensboro, NC",501 to 1000 employees,Company - Private,Retail,141000,225000, CA
303,Data Scientist,3.2,"Triplebyte
3.2","Chicago, IL","San Francisco, CA",51 to 200 employees,Company - Private,Information Technology,145000,225000, IL
304,Data Scientist,4.5,"Kingfisher Systems
4.5","McLean, VA","Falls Church, VA",51 to 200 employees,Company - Private,Government,145000,225000, VA
306,Data Scientist,3.9,"ALTA IT Services
3.9","Woodlawn, MD","Rockville, MD",201 to 500 employees,Company - Private,Information Technology,145000,225000, MD
365,Data Scientist,3.7,"Takeda
3.7","Cambridge, MA","OSAKA, Japan",10000+ employees,Company - Public,Biotech & Pharmaceuticals,112000,116000, MA
346,Data Scientist,3.0,"Ameritas Life Insurance Corp
3.0","Cincinnati, OH","Lincoln, NE",1001 to 5000 employees,Company - Private,Insurance,122000,146000, OH
391,Data Scientist,4.1,"Mentor Graphics
4.1","Fremont, CA","Wilsonville, OR",5001 to 10000 employees,Company - Public,Information Technology,110000,163000, CA
392,Data Scientist,3.6,"WCG (WIRB-Copernicus Group)
3.6","Hamilton, NJ","Princeton, NJ",1001 to 5000 employees,Company - Private,Biotech & Pharmaceuticals,110000,163000, NJ
467,Machine Learning Scientist,3.3,"Tempus Labs
3.3","Chicago, IL","Chicago, IL",501 to 1000 employees,Company - Private,Biotech & Pharmaceuticals,31000,56000, IL
399,Other,4.5,"Systems & Technology Research
4.5","Woburn, MA","Woburn, MA",201 to 500 employees,Company - Private,Aerospace & Defense,110000,163000, MA
567,Machine Learning Engineer,3.9,"Temboo
3.9","New York, NY","New York, NY",1 to 50 employees,Company - Private,Information Technology,128000,201000, NY
563,Other,4.0,"Autodesk
4.0","San Francisco, CA","San Rafael, CA",5001 to 10000 employees,Company - Public,Information Technology,128000,201000, CA
509,Data Scientist,4.0,"AstraZeneca
4.0","Wilmington, DE","Cambridge, United Kingdom",10000+ employees,Company - Public,Biotech & Pharmaceuticals,212000,331000, DE
68,Machine Learning Scientist,3.3,"Tempus Labs
3.3","Chicago, IL","Chicago, IL",501 to 1000 employees,Company - Private,Biotech & Pharmaceuticals,79000,131000, IL
463,Data Analyst,3.8,"Dermalogica
3.8","Carson, CA","Carson, CA",201 to 500 employees,Subsidiary or Business Segment,Manufacturing,69000,116000, CA
469,Other,3.9,"7Park Data
3.9","New York, NY","New York, NY",51 to 200 employees,Company - Private,Business Services,31000,56000, NY
348,Data Scientist,2.9,"Shimento, Inc.
2.9","Santa Clara, CA","Benicia, CA",1 to 50 employees,Company - Private,Unknown,122000,146000, CA
605,Data Scientist,4.0,"Lorven Technologies Inc
4.0","New York, NY","Plainsboro, NJ",1 to 50 employees,Company - Private,Accounting & Legal,80000,132000, NY
479,Data Analyst,2.9,"Quest Integrity
2.9","Tulsa, OK","Kent, WA",201 to 500 employees,Company - Public,"Oil, Gas, Energy & Utilities",31000,56000, OK
472,Data Engineer,3.5,"Western Digital
3.5","San Jose, CA","San Jose, CA",10000+ employees,Company - Public,Information Technology,31000,56000, CA
470,Other,3.7,"Protolabs
3.7","Maple Plain, MN","Maple Plain, MN",1001 to 5000 employees,Company - Public,Manufacturing,31000,56000, MN
309,Data Scientist,3.4,"ASRC Federal Holding Company
3.4","Reston, VA","Beltsville, MD",5001 to 10000 employees,Company - Private,Aerospace & Defense,145000,225000, VA
313,Data Scientist,3.5,"Cambridge FX
3.5","Atlanta, GA","Toronto, Canada",201 to 500 employees,Company - Public,Finance,145000,225000, GA
314,Data Scientist,3.8,"Metromile
3.8","San Francisco, CA","San Francisco, CA",201 to 500 employees,Company - Private,Insurance,145000,225000, CA
315,Data Scientist,3.9,"Criteo
3.9","Ann Arbor, MI","Paris, France",1001 to 5000 employees,Company - Public,Information Technology,145000,225000, MI
386,Data Scientist,3.8,"GutCheck
3.8","Denver, CO","Denver, CO",51 to 200 employees,Company - Private,Business Services,110000,163000, CO
484,Other,4.5,"Johns Hopkins University Applied Physics Laboratory
4.5","Laurel, MD","Laurel, MD",5001 to 10000 employees,Nonprofit Organization,Aerospace & Defense,31000,56000, MD
428,Data Scientist,3.5,"Benson Hill
3.5","Saint Louis, MO","Saint Louis, MO",201 to 500 employees,Company - Private,Biotech & Pharmaceuticals,79000,133000, MO
327,Data Scientist,3.3,"Huxley
3.3","San Francisco, CA","London, United Kingdom",201 to 500 employees,Company - Private,Business Services,79000,147000, CA
328,Data Scientist,3.4,"FM Systems
3.4","Boston, MA","Raleigh, NC",51 to 200 employees,Company - Private,Information Technology,79000,147000, MA
333,Data Scientist,5.0,"SSATI
5.0","McLean, VA","Annapolis Junction, MD",1 to 50 employees,Company - Private,Information Technology,79000,147000, VA
334,Data Scientist,3.9,"Novartis
3.9","Cambridge, MA","Basel, Switzerland",10000+ employees,Company - Public,Biotech & Pharmaceuticals,79000,147000, MA
336,Data Scientist,3.3,"The Davey Tree Expert Company
3.3","Kent, OH","Kent, OH",10000+ employees,Self-employed,Agriculture & Forestry,79000,147000, OH
337,Data Scientist,4.6,"Centauri
4.6","Reston, VA","Chantilly, VA",501 to 1000 employees,Company - Private,Aerospace & Defense,79000,147000, VA
329,Data Scientist,0,B4Corp,"Reston, VA","Leesburg, VA",51 to 200 employees,Company - Private,Information Technology,79000,147000, VA
335,Data Scientist,3.4,"Solving IT International Inc
3.4","Chicago, IL","Chicago, IL",501 to 1000 employees,Company - Private,Unknown,79000,147000, IL
338,Data Scientist,0,Stride Search,"San Francisco, CA","Westlake Village, CA",1 to 50 employees,Company - Private,Unknown,79000,147000, CA
523,Other,3.9,"Southwest Research Institute
3.9","Dayton, OH","San Antonio, TX",1001 to 5000 employees,Nonprofit Organization,Business Services,212000,331000, OH
450,Data Scientist,3.2,"Net2Source Inc.
3.2","Alpharetta, GA","Somerset, NJ",1001 to 5000 employees,Company - Private,Business Services,69000,116000, GA
451,Data Scientist,3.2,"The Trade Desk
3.2","Boulder, CO","Ventura, CA",1001 to 5000 employees,Company - Public,Information Technology,69000,116000, CO
556,Machine Learning Scientist,3.3,"Tempus Labs
3.3","Redwood City, CA","Chicago, IL",501 to 1000 employees,Company - Private,Biotech & Pharmaceuticals,128000,201000, CA
552,Data Analyst,3.6,"Twitch
3.6","San Francisco, CA","San Francisco, CA",1001 to 5000 employees,Subsidiary or Business Segment,Information Technology,128000,201000, CA
558,Data Analyst,3.8,"NYSTEC
3.8","New York, NY","Rome, NY",51 to 200 employees,Nonprofit Organization,Business Services,128000,201000, NY
548,Data Engineer,4.0,"Travelers
4.0","Hartford, CT","Hartford, CT",10000+ employees,Company - Public,Insurance,66000,112000, CT
542,Other,3.9,"Southwest Research Institute
3.9","San Antonio, TX","San Antonio, TX",1001 to 5000 employees,Nonprofit Organization,Business Services,66000,112000, TX
544,Other,3.7,"MassMutual
3.7","Boston, MA","Springfield, MA",5001 to 10000 employees,Company - Private,Insurance,66000,112000, MA
553,Other,4.7,"New Relic
4.7","Portland, OR","San Francisco, CA",1001 to 5000 employees,Company - Public,Information Technology,128000,201000, OR
86,Data Analyst,2.6,"Comprehensive Healthcare
2.6","Yakima, WA","Yakima, WA",501 to 1000 employees,Nonprofit Organization,Health Care,79000,131000, WA
554,Other,3.6,"Biogen
3.6","Cambridge, MA","Cambridge, MA",5001 to 10000 employees,Company - Public,Biotech & Pharmaceuticals,128000,201000, MA
126,Data Scientist,4.7,"1904labs
4.7","Saint Louis, MO","Saint Louis, MO",51 to 200 employees,Company - Private,Information Technology,90000,109000, MO
127,Data Scientist,3.6,"XSELL Technologies
3.6","Chicago, IL","Chicago, IL",51 to 200 employees,Company - Private,Information Technology,90000,109000, IL
560,Data Engineer,4.5,"Kingfisher Systems
4.5","Falls Church, VA","Falls Church, VA",51 to 200 employees,Company - Private,Government,128000,201000, VA
565,Data Engineer,4.1,"CaptiveAire
4.1","Raleigh, NC","Raleigh, NC",1001 to 5000 employees,Company - Private,Manufacturing,128000,201000, NC
576,Data Analyst,4.5,"Novetta
4.5","Herndon, VA","Mc Lean, VA",501 to 1000 employees,Company - Private,Information Technology,138000,158000, VA
572,Machine Learning Engineer,4.2,"AeroVironment
4.2","Simi Valley, CA","Simi Valley, CA",501 to 1000 employees,Company - Public,Aerospace & Defense,138000,158000, CA
574,Other,4.0,"Dynetics
4.0","Huntsville, AL","Huntsville, AL",1001 to 5000 employees,Company - Private,Aerospace & Defense,138000,158000, AL
375,Data Scientist,4.4,"Eliassen Group
4.4","Plano, TX","Reading, MA",1001 to 5000 employees,Company - Private,Business Services,112000,116000, TX
377,Data Scientist,3.5,"Evolve Vacation Rental
3.5","Denver, CO","Denver, CO",201 to 500 employees,Company - Private,Travel & Tourism,112000,116000, CO
452,Data Scientist,3.7,"IBM
3.7","Atlanta, GA","Armonk, NY",10000+ employees,Company - Public,Information Technology,69000,116000, GA
453,Data Scientist,4.4,"Knowesis Inc.
4.4","Falls Church, VA","Fairfax, VA",51 to 200 employees,Company - Private,Business Services,69000,116000, VA
378,Data Scientist,3.8,"AgreeYa Solutions
3.8","Thousand Oaks, CA","Folsom, CA",1001 to 5000 employees,Company - Private,Information Technology,112000,116000, CA
385,Data Scientist,4.8,"Klaviyo
4.8","Boston, MA","Boston, MA",201 to 500 employees,Company - Private,Information Technology,110000,163000, MA
396,Data Scientist,4.3,"Visionary Integration Professionals
4.3","Washington, DC","Folsom, CA",501 to 1000 employees,Company - Private,Information Technology,110000,163000, DC
174,Data Analyst,3.3,"Midland Credit Management
3.3","San Diego, CA","San Diego, CA",1001 to 5000 employees,Subsidiary or Business Segment,Finance,101000,165000, CA
622,Data Engineer,3.5,"Alignment Healthcare
3.5","Orange, CA","Orange, CA",501 to 1000 employees,Company - Private,Health Care,87000,141000, CA
182,Data Scientist,3.5,"Argo Group US
3.5","New York, NY","Hamilton, Bermuda",1001 to 5000 employees,Company - Public,Insurance,56000,97000, NY
189,Data Scientist,3.6,"Constant Contact
3.6","Waltham, MA","Waltham, MA",Unknown,Subsidiary or Business Segment,Business Services,56000,97000, MA
192,Data Scientist,4.0,"AstraZeneca
4.0","Gaithersburg, MD","Cambridge, United Kingdom",10000+ employees,Company - Public,Biotech & Pharmaceuticals,56000,97000, MD
638,Data Scientist,3.5,"Maxar Technologies
3.5","Herndon, VA","Westminster, CO",5001 to 10000 employees,Company - Public,Aerospace & Defense,92000,155000, VA
425,Data Scientist,0,Microagility,"New York, NY","Princeton, NJ",1 to 50 employees,Company - Private,Business Services,124000,198000, NY
436,Data Scientist,5.0,"VANTA Partners
5.0","Open Fork, VA","Clifton Park, NY",1 to 50 employees,Company - Private,Business Services,79000,133000, VA
12,Data Scientist,3.7,"PNNL
3.7","Richland, WA","Richland, WA",1001 to 5000 employees,Government,"Oil, Gas, Energy & Utilities",137000,171000, WA
14,Data Scientist,3.4,"Mathematica Policy Research
3.4","Washington, DC","Princeton, NJ",1001 to 5000 employees,Company - Private,Business Services,137000,171000, DC
15,Data Scientist,4.4,"Guzman & Griffin Technologies (GGTI)
4.4","Washington, DC","Mays Landing, NJ",1 to 50 employees,Company - Private,Government,137000,171000, DC
664,Data Scientist,0,Clear Ridge Defense,"Quantico, VA","Baltimore, MD",1 to 50 employees,Company - Private,Unknown,105000,167000, VA
433,Data Scientist,3.6,"DataLab USA
3.6","Germantown, MD","Germantown, MD",51 to 200 employees,Company - Private,Information Technology,79000,133000, MD
443,Data Scientist,4.1,"DCS Corp
4.1","Hampton, VA","Alexandria, VA",1001 to 5000 employees,Company - Private,Business Services,79000,133000, VA
444,Data Scientist,2.1,"Hive (CA)
2.1","San Francisco, CA","Los Angeles, CA",Unknown,Company - Private,Telecommunications,79000,133000, CA
455,Data Scientist,3.3,"The Davey Tree Expert Company
3.3","Kent, OH","Kent, OH",10000+ employees,Self-employed,Agriculture & Forestry,69000,116000, OH
492,Data Scientist,3.4,"Dice.com
3.4","Newton, MA","Denver, CO",201 to 500 employees,Subsidiary or Business Segment,Business Services,95000,119000, MA
441,Data Scientist,5.0,"Maxiom
5.0","Ashburn, VA","Ashburn, VA",1 to 50 employees,Company - Public,Unknown,79000,133000, VA
529,Data Scientist,4.9,"The Mom Project
4.9","Longmont, CO","Chicago, IL",1 to 50 employees,Company - Private,Business Services,66000,112000, CO
541,Data Scientist,3.7,"Carolina Power & Light Co
3.7","McLean, VA","Raleigh, NC",5001 to 10000 employees,Subsidiary or Business Segment,"Oil, Gas, Energy & Utilities",66000,112000, VA
625,Data Scientist,3.0,"TransVoyant
3.0","Alexandria, VA","Alexandria, VA",51 to 200 employees,Company - Private,Information Technology,87000,141000, VA
626,Data Scientist,4.0,"Noblis
4.0","Bridgeport, WV","Reston, VA",1001 to 5000 employees,Nonprofit Organization,Business Services,87000,141000, WV
543,Data Scientist,3.9,"Brillient
3.9","Silver Spring, MD","Reston, VA",501 to 1000 employees,Company - Private,Information Technology,66000,112000, MD
594,Data Scientist,3.9,"GSK
3.9","Collegeville, PA","Brentford, United Kingdom",10000+ employees,Company - Public,Biotech & Pharmaceuticals,80000,132000, PA
595,Data Scientist,3.8,"CIA
3.8","Washington, DC","Langley, VA",Unknown,Government,Government,80000,132000, DC
614,Data Scientist,3.2,"First Health Group
3.2","Wellesley, MA","Bethesda, MD",10000+ employees,Company - Private,Insurance,87000,141000, MA
628,Data Scientist,4.3,"Geotab
4.3","Oakville, CA","Oakville, Canada",1001 to 5000 employees,Company - Private,Information Technology,87000,141000, CA
7,Data Scientist,3.5,"iRobot
3.5","Bedford, MA","Bedford, MA",1001 to 5000 employees,Company - Public,Retail,137000,171000, MA
111,Data Analyst,4.9,"Big Huge Games
4.9","Timonium, MD","Lutherville Timonium, MD",51 to 200 employees,Subsidiary or Business Segment,Media,99000,132000, MD
119,Data Engineer,4.8,"GetWellNetwork
4.8","Bethesda, MD","Bethesda, MD",201 to 500 employees,Company - Private,Health Care,99000,132000, MD
116,Other,4.0,"ClearEdge
4.0","Annapolis Junction, MD","Annapolis Junction, MD",51 to 200 employees,Company - Private,Information Technology,99000,132000, MD
128,Data Engineer,4.2,"IZEA
4.2","Winter Park, FL","Winter Park, FL",51 to 200 employees,Company - Public,Business Services,90000,109000, FL
630,Data Scientist,3.7,"EGlobalTech
3.7","Arlington, VA","Vienna, VA",201 to 500 employees,Company - Private,Information Technology,87000,141000, VA
631,Data Scientist,3.9,"Mars
3.9","New York, NY","Mc Lean, VA",10000+ employees,Company - Private,Manufacturing,92000,155000, NY
635,Data Scientist,3.5,"Blackstone Talent Group
3.5","San Francisco, CA","San Francisco, CA",51 to 200 employees,Company - Private,Business Services,92000,155000, CA
639,Data Scientist,3.0,"Moxie Software
3.0","Bellevue, WA","San Bruno, CA",51 to 200 employees,Company - Private,Information Technology,92000,155000, WA
640,Data Scientist,5.0,"Blue Horizon Tek Solutions
5.0","New York, NY","Coconut Creek, FL",1 to 50 employees,Company - Private,Business Services,92000,155000, NY
643,Data Scientist,3.3,"Tokio Marine HCC
3.3","Houston, TX","Houston, TX",1001 to 5000 employees,Company - Private,Insurance,92000,155000, TX
644,Data Scientist,3.5,"CACI International
3.5","Chantilly, VA","Arlington, VA",10000+ employees,Company - Public,Aerospace & Defense,92000,155000, VA
651,Data Scientist,4.0,"AstraZeneca
4.0","Gaithersburg, MD","Cambridge, United Kingdom",10000+ employees,Company - Public,Biotech & Pharmaceuticals,92000,155000, MD
665,Data Scientist,3.8,"Criterion Systems, Inc.
3.8","Vienna, VA","Vienna, VA",201 to 500 employees,Company - Private,Information Technology,105000,167000, VA
666,Data Scientist,4.0,"Foundation Medicine
4.0","Boston, MA","Cambridge, MA",1001 to 5000 employees,Company - Public,Biotech & Pharmaceuticals,105000,167000, MA
667,Data Scientist,3.6,"TRANZACT
3.6","Fort Lee, NJ","Fort Lee, NJ",1001 to 5000 employees,Company - Private,Business Services,105000,167000, NJ
121,Data Engineer,4.7,"Scoop
4.7","San Francisco, CA","San Francisco, CA",51 to 200 employees,Company - Private,Information Technology,99000,132000, CA
123,Data Engineer,4.2,"IZEA
4.2","Winter Park, FL","Winter Park, FL",51 to 200 employees,Company - Public,Business Services,99000,132000, FL
188,Other,4.2,"Ntrepid
4.2","Herndon, VA","Herndon, VA",201 to 500 employees,Company - Private,Information Technology,56000,97000, VA
494,Data Scientist,4.7,"Tygart Technology, Inc
4.7","Washington, DC","Fairmont, WV",1 to 50 employees,Company - Private,Unknown,95000,119000, DC
531,Data Scientist,5.0,"JCD Staffing
5.0","Washington, DC","Germantown, MD",1 to 50 employees,Company - Private,Unknown,66000,112000, DC
447,Data Scientist,4.0,"Autodesk
4.0","San Francisco, CA","San Rafael, CA",5001 to 10000 employees,Company - Public,Information Technology,69000,116000, CA
454,Data Scientist,3.1,"MoTek Technologies
3.1","Mountain View, CA","San Jose, CA",1 to 50 employees,Company - Private,Information Technology,69000,116000, CA
456,Data Scientist,3.5,"HPOne
3.5","Trumbull, CT","Trumbull, CT",501 to 1000 employees,Company - Private,Insurance,69000,116000, CT
457,Data Scientist,0,Stride Search,"San Francisco, CA","Westlake Village, CA",1 to 50 employees,Company - Private,Unknown,69000,116000, CA
460,Data Scientist,2.7,"TBWA\Chiat\Day
2.7","New York, NY","New York, NY",1001 to 5000 employees,Company - Public,Business Services,69000,116000, NY
461,Data Scientist,3.5,"ThreeBridge Solutions
3.5","Alpharetta, GA","Minneapolis, MN",501 to 1000 employees,Company - Private,Business Services,69000,116000, GA
464,Data Scientist,4.2,"Centraprise
4.2","Foster City, CA","Edison, NJ",51 to 200 employees,Company - Private,Information Technology,69000,116000, CA
465,Data Scientist,4.8,"TechProjects
4.8","New York, NY","North Brunswick, NJ",1 to 50 employees,Company - Private,Information Technology,69000,116000, NY
466,Data Scientist,4.2,"DW Simpson
4.2","Frederick, MD","Chicago, IL",51 to 200 employees,Company - Private,Business Services,69000,116000, MD
468,Data Scientist,4.0,"Grid Dynamics
4.0","Santa Clara, CA","San Ramon, CA",1001 to 5000 employees,Company - Private,Information Technology,31000,56000, CA
471,Data Scientist,3.9,"LinQuest
3.9","Colorado Springs, CO","Los Angeles, CA",501 to 1000 employees,Company - Private,Aerospace & Defense,31000,56000, CO
482,Data Scientist,3.9,"Apex Systems
3.9","San Francisco, CA","Glen Allen, VA",1001 to 5000 employees,Subsidiary or Business Segment,Business Services,31000,56000, CA
485,Data Scientist,4.9,"Cambridge Mobile Telematics
4.9","Cambridge, MA","Cambridge, MA",1 to 50 employees,Company - Private,Information Technology,31000,56000, MA
486,Data Scientist,5.0,"Phoenix Operations Group
5.0","Annapolis Junction, MD","Woodbine, MD",1 to 50 employees,Company - Private,Information Technology,31000,56000, MD
487,Data Scientist,3.3,"Tempus Labs
3.3","Redwood City, CA","Chicago, IL",501 to 1000 employees,Company - Private,Biotech & Pharmaceuticals,95000,119000, CA
488,Data Scientist,3.5,"The Knot Worldwide
3.5","Washington, DC","Chevy Chase, MD",1001 to 5000 employees,Company - Private,Information Technology,95000,119000, DC
502,Data Scientist,4.0,"New York Technology Partners
4.0","Seattle, WA","Jersey City, NJ",51 to 200 employees,Company - Private,Information Technology,95000,119000, WA
8,Data Scientist,4.4,"Intuit - Data
4.4","San Diego, CA","Mountain View, CA",5001 to 10000 employees,Company - Public,Information Technology,137000,171000, CA
10,Data Scientist,4.5,"Novetta
4.5","Herndon, VA","Mc Lean, VA",501 to 1000 employees,Company - Private,Information Technology,137000,171000, VA
138,Data Analyst,4.5,"Envision LLC
4.5","San Francisco, CA","Saint Louis, MO",201 to 500 employees,Company - Private,Business Services,90000,109000, CA
139,Data Engineer,4.8,"AppLovin
4.8","Palo Alto, CA","Palo Alto, CA",201 to 500 employees,Company - Private,Media,90000,109000, CA
141,Data Engineer,3.7,"Relativity
3.7","Chicago, IL","Chicago, IL",1001 to 5000 employees,Company - Private,Information Technology,90000,109000, IL
489,Data Scientist,3.5,"Crossover Health
3.5","San Clemente, CA","Aliso Viejo, CA",1 to 50 employees,Company - Private,Health Care,95000,119000, CA
501,Data Scientist,4.6,"Murray Resources
4.6","The Woodlands, TX","Houston, TX",1 to 50 employees,Company - Private,Business Services,95000,119000, TX
503,Data Scientist,4.0,"Two95 International Inc.
4.0","Chicago, IL","Cherry Hill, NJ",1 to 50 employees,Company - Private,Business Services,95000,119000, IL
505,Data Scientist,4.7,"CRS Group
4.7","Chicago, IL","Itasca, IL",51 to 200 employees,Company - Private,Business Services,95000,119000, IL
506,Data Scientist,3.5,"Blackstone Talent Group
3.5","San Francisco, CA","San Francisco, CA",51 to 200 employees,Company - Private,Business Services,95000,119000, CA
507,Data Scientist,5.0,"Phoenix Operations Group
5.0","Baltimore, MD","Woodbine, MD",1 to 50 employees,Company - Private,Information Technology,95000,119000, MD
508,Data Scientist,4.1,"Roche
4.1","Pleasanton, CA","Basel, Switzerland",10000+ employees,Company - Public,Biotech & Pharmaceuticals,212000,331000, CA
534,Data Scientist,3.4,"MILVETS Systems Technology, Inc.
3.4","Patuxent, Anne Arundel, MD","Orlando, FL",51 to 200 employees,Company - Private,Information Technology,66000,112000, Anne Arundel
624,Data Scientist,3.6,"ISYS Technologies, Inc.
3.6","Herndon, VA","Littleton, CO",51 to 200 employees,Company - Private,Information Technology,87000,141000, VA
536,Data Scientist,4.1,"Kforce
4.1","Fairfax, VA","Tampa, FL",10000+ employees,Company - Public,Business Services,66000,112000, VA
537,Data Scientist,3.5,"Evolve Vacation Rental
3.5","Denver, CO","Denver, CO",201 to 500 employees,Company - Private,Travel & Tourism,66000,112000, CO
540,Data Scientist,3.8,"AgreeYa Solutions
3.8","Thousand Oaks, CA","Folsom, CA",1001 to 5000 employees,Company - Private,Information Technology,66000,112000, CA
545,Data Scientist,2.9,"Xator Corporation
2.9","Washington, DC","Reston, VA",501 to 1000 employees,Contract,Information Technology,66000,112000, DC
546,Data Scientist,4.6,"HAN IT Staffing Inc.
4.6","New York, NY","Totowa, NJ",51 to 200 employees,Company - Private,Information Technology,66000,112000, NY
547,Data Scientist,3.4,"Infinitive Inc
3.4","McLean, VA","Cedar Rapids, IA",201 to 500 employees,Company - Private,Information Technology,66000,112000, VA
549,Data Scientist,3.3,"Amyris
3.3","Emeryville, CA","Emeryville, CA",201 to 500 employees,Company - Public,Biotech & Pharmaceuticals,128000,201000, CA
562,Data Scientist,3.1,"Group O
3.1","Chicago, IL","Milan, IL",1001 to 5000 employees,Company - Private,Business Services,128000,201000, IL
569,Data Scientist,3.3,"MITRE
3.3","McLean, VA","Bedford, MA",5001 to 10000 employees,Nonprofit Organization,Government,128000,201000, VA
571,Data Scientist,4.5,"Fullpower Technologies, Inc.
4.5","Santa Cruz, CA","Santa Cruz, CA",51 to 200 employees,Company - Private,Information Technology,138000,158000, CA
573,Data Scientist,3.5,"Maxar Technologies
3.5","Herndon, VA","Westminster, CO",5001 to 10000 employees,Company - Public,Aerospace & Defense,138000,158000, VA
591,Data Scientist,4.0,"AstraZeneca
4.0","Gaithersburg, MD","Cambridge, United Kingdom",10000+ employees,Company - Public,Biotech & Pharmaceuticals,80000,132000, MD
592,Data Scientist,4.0,"Autodesk
4.0","San Francisco, CA","San Rafael, CA",5001 to 10000 employees,Company - Public,Information Technology,80000,132000, CA
568,Data Scientist,0,Kibo,"Philadelphia, PA","Marbella, Spain",Unknown,Company - Public,Unknown,128000,201000, PA
629,Data Scientist,4.7,"CRS Group
4.7","Chicago, IL","Itasca, IL",51 to 200 employees,Company - Private,Business Services,87000,141000, IL
633,Data Scientist,3.0,"Central Business Solutions, Inc
3.0","Seattle, WA","Fremont, CA",51 to 200 employees,Company - Private,Business Services,92000,155000, WA
634,Data Scientist,2.5,"KeHE Distributors
2.5","Naperville, IL","Naperville, IL",5001 to 10000 employees,Company - Private,Business Services,92000,155000, IL
636,Data Scientist,5.0,"Phoenix Operations Group
5.0","Baltimore, MD","Woodbine, MD",1 to 50 employees,Company - Private,Information Technology,92000,155000, MD
637,Data Scientist,0,Sophinea,"Chantilly, VA",Unknown,1 to 50 employees,Unknown,Unknown,92000,155000, VA
661,Data Scientist,3.6,"Qurate Retail Group
3.6","West Chester, PA","West Chester, PA",10000+ employees,Company - Public,Retail,105000,167000, PA
663,Data Scientist,4.1,"A-Line Staffing Solutions
4.1","Durham, NC","Utica, MI",501 to 1000 employees,Company - Private,Business Services,105000,167000, NC
153,Other,3.5,"Ritedose
3.5","Columbia, SC","Columbia, SC",201 to 500 employees,Company - Private,Biotech & Pharmaceuticals,90000,109000, SC
164,Other,3.4,"General Dynamics Information Technology
3.4","Vicksburg, MS","Fairfax, VA",10000+ employees,Subsidiary or Business Segment,Information Technology,101000,165000, MS
185,Data Scientist,3.7,"MassMutual
3.7","Boston, MA","Springfield, MA",5001 to 10000 employees,Company - Private,Insurance,56000,97000, MA
175,Machine Learning Scientist,3.3,"Tempus Labs
3.3","Chicago, IL","Chicago, IL",501 to 1000 employees,Company - Private,Biotech & Pharmaceuticals,101000,165000, IL
191,Data Engineer,4.1,"Shape Security
4.1","Santa Clara, CA","Mountain View, CA",51 to 200 employees,Company - Private,Information Technology,56000,97000, CA
37,Data Scientist,2.7,"A Place for Mom
2.7","Overland Park, KS","New York, NY",501 to 1000 employees,Company - Private,Health Care,75000,131000, KS
220,Data Analyst,3.1,"Security Finance Corporation of Spartanburg
3.1","Spartanburg, SC","Spartanburg, SC",1001 to 5000 employees,Company - Private,Finance,79000,106000, SC
59,Data Scientist,4.5,"Envision LLC
4.5","Saint Louis, MO","Saint Louis, MO",201 to 500 employees,Company - Private,Business Services,75000,131000, MO
510,Data Scientist,3.6,"Creative Circle
3.6",United States,"Los Angeles, CA",201 to 500 employees,Company - Public,Business Services,212000,331000,Other
79,Data Scientist,3.3,"Amyris
3.3","Emeryville, CA","Emeryville, CA",201 to 500 employees,Company - Public,Biotech & Pharmaceuticals,79000,131000, CA
80,Data Scientist,4.0,"AstraZeneca
4.0","Gaithersburg, MD","Cambridge, United Kingdom",10000+ employees,Company - Public,Biotech & Pharmaceuticals,79000,131000, MD
81,Data Scientist,3.6,"Powertek
3.6","Washington, DC","Rockville, MD",51 to 200 employees,Company - Private,Information Technology,79000,131000, DC
83,Data Scientist,4.9,"The Mom Project
4.9","Longmont, CO","Chicago, IL",1 to 50 employees,Company - Private,Business Services,79000,131000, CO
84,Data Scientist,4.3,"Lightspeed Systems
4.3","Austin, TX","Austin, TX",51 to 200 employees,Company - Private,Information Technology,79000,131000, TX
109,Data Scientist,3.7,"SAIC
3.7","Chantilly, VA","Reston, VA",10000+ employees,Company - Public,Information Technology,99000,132000, VA
97,Data Scientist,3.9,"Mars
3.9","New York, NY","Mc Lean, VA",10000+ employees,Company - Private,Manufacturing,99000,132000, NY
172,Data Scientist,4.7,"C3.ai
4.7","Redwood City, CA","Redwood City, CA",201 to 500 employees,Company - Private,Information Technology,101000,165000, CA
173,Data Scientist,3.9,"Quartet Health
3.9","New York, NY","New York, NY",201 to 500 employees,Company - Private,Information Technology,101000,165000, NY
606,Data Scientist,4.4,"Meridian Knowledge Solutions
4.4","Washington, DC","Reston, VA",51 to 200 employees,Subsidiary or Business Segment,Information Technology,80000,132000, DC
199,Data Scientist,4.1,"Upside Business Travel
4.1",Remote,"Washington, DC",51 to 200 employees,Company - Private,Information Technology,79000,106000,Other
194,Data Scientist,4.0,"AstraZeneca
4.0","New York, NY","Cambridge, United Kingdom",10000+ employees,Company - Public,Biotech & Pharmaceuticals,56000,97000, NY
318,Data Analyst,4.6,"GreatAmerica Financial Services
4.6","Cedar Rapids, IA","Cedar Rapids, IA",501 to 1000 employees,Company - Private,Finance,145000,225000, IA
325,Data Engineer,4.4,"Rocket Lawyer
4.4","San Francisco, CA","San Francisco, CA",51 to 200 employees,Company - Private,Information Technology,79000,147000, CA
321,Other,3.9,"GSK
3.9","Richmond, VA","Brentford, United Kingdom",10000+ employees,Company - Public,Biotech & Pharmaceuticals,145000,225000, VA
200,Data Scientist,3.4,"Spectrum Communications and Consulting
3.4","Chicago, IL","Chicago, IL",51 to 200 employees,Company - Private,Business Services,79000,106000, IL
201,Data Scientist,4.1,"Coverent
4.1","McLean, VA","McLean, VA",51 to 200 employees,Company - Private,Business Services,79000,106000, VA
607,Data Scientist,4.2,"UST Global
4.2","Atlanta, GA","Aliso Viejo, CA",10000+ employees,Company - Private,Information Technology,80000,132000, GA
250,Data Scientist,3.7,"MassMutual
3.7","Boston, MA","Springfield, MA",5001 to 10000 employees,Company - Private,Insurance,90000,124000, MA
340,Data Analyst,3.8,"Dermalogica
3.8","Carson, CA","Carson, CA",201 to 500 employees,Subsidiary or Business Segment,Manufacturing,79000,147000, CA
330,Machine Learning Engineer,3.7,"Mteq
3.7","Fort Belvoir, VA","Lorton, VA",501 to 1000 employees,Company - Public,Aerospace & Defense,79000,147000, VA
332,Machine Learning Engineer,4.8,"Jane Street
4.8","New York, NY","New York, NY",501 to 1000 employees,Company - Private,Finance,79000,147000, NY
339,Machine Learning Engineer,2.6,"Software Engineering Institute
2.6","Pittsburgh, PA","Pittsburgh, PA",501 to 1000 employees,College / University,Education,79000,147000, PA
227,Data Scientist,5.0,"REE
5.0",United States,"Tel Aviv-Yafo, Israel",51 to 200 employees,Company - Private,Manufacturing,71000,123000,Other
342,Other,3.9,"7Park Data
3.9","New York, NY","New York, NY",51 to 200 employees,Company - Private,Business Services,79000,147000, NY
232,Data Scientist,3.3,"BWX Technologies
3.3","Oak Ridge, TN","Lynchburg, VA",5001 to 10000 employees,Company - Public,Aerospace & Defense,71000,123000, TN
357,Data Scientist,0,Hatch Data Inc,"San Francisco, CA",Unknown,Unknown,Unknown,Unknown,122000,146000, CA
237,Data Scientist,3.8,"PayPal
3.8",Texas,"San Jose, CA",10000+ employees,Company - Public,Information Technology,71000,123000,Other
18,Data Analyst,4.2,"Insight Enterprises, Inc.
4.2","Plano, TX","Tempe, AZ",5001 to 10000 employees,Company - Public,Information Technology,137000,171000, TX
13,Other,3.1,"Old World Industries
3.1","Northbrook, IL","Northbrook, IL",201 to 500 employees,Company - Private,Manufacturing,137000,171000, IL
74,Other,4.9,"New England Biolabs
4.9","Ipswich, MA","Ipswich, MA",201 to 500 employees,Company - Private,Biotech & Pharmaceuticals,79000,131000, MA
113,Data Engineer,5.0,"Phantom AI
5.0","Burlingame, CA","Burlingame, CA",1 to 50 employees,Company - Private,Information Technology,99000,132000, CA
124,Other,3.4,"Montway Inc
3.4","Schaumburg, IL","Schaumburg, IL",51 to 200 employees,Company - Private,Transportation & Logistics,99000,132000, IL
180,Other,3.8,"Evidera
3.8","Bethesda, MD","Bethesda, MD",501 to 1000 employees,Subsidiary or Business Segment,Biotech & Pharmaceuticals,56000,97000, MD
186,Other,3.9,"Natera
3.9","San Carlos, CA","San Carlos, CA",501 to 1000 employees,Company - Public,Biotech & Pharmaceuticals,56000,97000, CA
235,Data Scientist,3.3,"II-VI Incorporated
3.3","Champaign, IL","Saxonburg, PA",10000+ employees,Company - Public,Telecommunications,71000,123000, IL
236,Data Scientist,4.6,"Surya Systems
4.6","San Francisco, CA","Bristol, PA",1 to 50 employees,Company - Private,Information Technology,71000,123000, CA
374,Machine Learning Scientist,3.5,"Allen Institute
3.5","Seattle, WA","Seattle, WA",201 to 500 employees,Nonprofit Organization,Business Services,112000,116000, WA
367,Other,3.9,"Southwest Research Institute
3.9","Oklahoma City, OK","San Antonio, TX",1001 to 5000 employees,Nonprofit Organization,Business Services,112000,116000, OK
369,Other,4.8,"Klaviyo
4.8","Boston, MA","Boston, MA",201 to 500 employees,Company - Private,Information Technology,112000,116000, MA
239,Data Scientist,3.9,"Predictive Research Inc
3.9","Plano, TX","Bangalore, India",1 to 50 employees,Company - Private,Business Services,71000,123000, TX
240,Data Scientist,4.7,"Oversight Systems
4.7","Atlanta, GA","Atlanta, GA",51 to 200 employees,Company - Private,Information Technology,90000,124000, GA
255,Data Scientist,3.9,"Rapid Value Solutions
3.9","San Francisco, CA","Pleasanton, CA",201 to 500 employees,Company - Private,Information Technology,90000,124000, CA
513,Data Scientist,4.7,"Sharpedge Solutions Inc
4.7","Seattle, WA","Lombard, IL",Unknown,Company - Private,Media,212000,331000, WA
376,Data Scientist,3.1,"Bayside Solutions
3.1","Sunnyvale, CA","Pleasanton, CA",1 to 50 employees,Company - Private,Business Services,112000,116000, CA
384,Data Analyst,3.6,"Twitch
3.6","San Francisco, CA","San Francisco, CA",1001 to 5000 employees,Subsidiary or Business Segment,Information Technology,112000,116000, CA
383,Data Engineer,4.0,"Travelers
4.0","Hartford, CT","Hartford, CT",10000+ employees,Company - Public,Insurance,112000,116000, CT
380,Other,3.5,"Central California Alliance for Health
3.5","Scotts Valley, CA","Scotts Valley, CA",501 to 1000 employees,Nonprofit Organization,Health Care,112000,116000, CA
381,Other,3.7,"MassMutual
3.7","Boston, MA","Springfield, MA",5001 to 10000 employees,Company - Private,Insurance,112000,116000, MA
382,Other,5.0,"New Iron Group, Inc.
5.0","Boston, MA","Austin, TX",1 to 50 employees,Contract,Information Technology,112000,116000, MA
187,Other,4.0,"Genentech
4.0","South San Francisco, CA","South San Francisco, CA",10000+ employees,Subsidiary or Business Segment,Biotech & Pharmaceuticals,56000,97000, CA
197,Other,3.8,"Rubius Therapeutics
3.8","Smithfield, RI","Cambridge, MA",201 to 500 employees,Company - Public,Biotech & Pharmaceuticals,56000,97000, RI
206,Other,4.5,"Novetta
4.5","Herndon, VA","Mc Lean, VA",501 to 1000 employees,Company - Private,Information Technology,79000,106000, VA
405,Machine Learning Engineer,5.0,"LifeOmic
5.0","Raleigh, NC","Indianapolis, IN",51 to 200 employees,Company - Private,Information Technology,110000,163000, NC
490,Data Scientist,4.0,"Lorven Technologies Inc
4.0","New York, NY","Plainsboro, NJ",1 to 50 employees,Company - Private,Accounting & Legal,95000,119000, NY
326,Data Scientist,3.7,"22nd Century Technologies
3.7","Oakland, CA","Somerset, NJ",1001 to 5000 employees,Company - Private,Information Technology,79000,147000, CA
477,Data Scientist,2.8,"Child Care Aware of America
2.8","Arlington, VA","Arlington, VA",51 to 200 employees,Nonprofit Organization,Non-Profit,31000,56000, VA
267,Data Scientist,4.6,"Itlize Global
4.6","Piscataway, NJ","Piscataway, NJ",201 to 500 employees,Company - Private,Information Technology,91000,150000, NJ
268,Data Scientist,3.5,"eBay
3.5","San Jose, CA","San Jose, CA",10000+ employees,Company - Public,Information Technology,91000,150000, CA
275,Data Scientist,4.7,"Lawrence Livermore National Lab
4.7","Livermore, CA","Livermore, CA",1001 to 5000 employees,Government,Government,91000,150000, CA
277,Data Scientist,3.6,"Jacobs
3.6","Herndon, VA","Dallas, TX",10000+ employees,Company - Public,Business Services,91000,150000, VA
278,Data Scientist,4.8,"Klaviyo
4.8","Boston, MA","Boston, MA",201 to 500 employees,Company - Private,Information Technology,91000,150000, MA
34,Data Engineer,3.6,"Chef
3.6",United States,"Seattle, WA",201 to 500 employees,Company - Private,Information Technology,75000,131000,Other
281,Data Scientist,5.0,"Jobot
5.0","Irvine, CA","Irvine, CA",51 to 200 employees,Company - Private,Business Services,91000,150000, CA
286,Data Scientist,4.0,"AstraZeneca
4.0","New York, NY","Cambridge, United Kingdom",10000+ employees,Company - Public,Biotech & Pharmaceuticals,141000,225000, NY
493,Data Scientist,3.5,"Gap Inc.
3.5","San Francisco, CA","San Francisco, CA",10000+ employees,Company - Public,Retail,95000,119000, CA
319,Data Scientist,0,Microagility,"New York, NY","Princeton, NJ",1 to 50 employees,Company - Private,Business Services,145000,225000, NY
41,Machine Learning Engineer,3.4,"Liberty Mutual Insurance
3.4","Portsmouth, NH","Boston, MA",10000+ employees,Company - Private,Insurance,75000,131000, NH
43,Other,5.0,"Arsenal Biosciences
5.0","South San Francisco, CA","South San Francisco, CA",51 to 200 employees,Company - Private,Biotech & Pharmaceuticals,75000,131000, CA
45,Other,4.1,"Pfizer
4.1","Cambridge, MA","New York, NY",10000+ employees,Company - Public,Biotech & Pharmaceuticals,75000,131000, MA
42,Data Analyst,2.6,"Cenlar
2.6","Ewing, NJ","Ewing, NJ",1001 to 5000 employees,Company - Private,Unknown,75000,131000, NJ
409,Data Scientist,0,Navio,"San Mateo, CA","Half Moon Bay, CA",Unknown,Unknown,Unknown,124000,198000, CA
411,Data Scientist,0,Evolvinc,"Burbank, CA","Los Angeles, CA",1 to 50 employees,Company - Private,Information Technology,124000,198000, CA
64,Data Analyst,3.8,"Dermalogica
3.8","Carson, CA","Carson, CA",201 to 500 employees,Subsidiary or Business Segment,Manufacturing,79000,131000, CA
73,Data Analyst,3.7,"Caterpillar
3.7","Peoria, IL","Deerfield, IL",10000+ employees,Company - Public,Manufacturing,79000,131000, IL
75,Data Analyst,3.4,"Allied Solutions
3.4","Carmel, IN","Carmel, IN",1001 to 5000 employees,Subsidiary or Business Segment,Insurance,79000,131000, IN
110,Data Analyst,3.2,"AllianceBernstein
3.2","Nashville, TN","New York, NY",1001 to 5000 employees,Company - Public,Finance,99000,132000, TN
65,Data Engineer,3.7,"Bayview Asset Management
3.7","Coral Gables, FL","Coral Gables, FL",1001 to 5000 employees,Company - Private,Finance,79000,131000, FL
70,Data Engineer,4.2,"IZEA
4.2","Winter Park, FL","Winter Park, FL",51 to 200 employees,Company - Public,Business Services,79000,131000, FL
76,Data Engineer,3.1,"Healthfirst
3.1","New York, NY","New York, NY",1001 to 5000 employees,Nonprofit Organization,Insurance,79000,131000, NY
287,Data Scientist,4.2,"Oshkosh Corporation
4.2","Oshkosh, WI","Oshkosh, WI",10000+ employees,Company - Public,Manufacturing,141000,225000, WI
557,Data Scientist,3.3,"ICW Group
3.3","San Diego, CA","San Diego, CA",501 to 1000 employees,Company - Private,Insurance,128000,201000, CA
289,Data Scientist,3.4,"Mackin
3.4","Menlo Park, CA","Pittsburgh, PA",51 to 200 employees,Company - Private,Business Services,141000,225000, CA
61,Machine Learning Engineer,4.5,"Systems & Technology Research
4.5","Woburn, MA","Woburn, MA",201 to 500 employees,Company - Private,Aerospace & Defense,75000,131000, MA
430,Data Scientist,0,Falcon IT & Staffing Solutions,"Fort Belvoir, VA","Washington, DC",Unknown,Company - Public,Unknown,79000,133000, VA
322,Data Scientist,0,"Rainmaker Resources, LLC","Cincinnati, OH","Cincinnati, OH",1 to 50 employees,Company - Private,Unknown,145000,225000, OH
431,Data Scientist,0,"Rainmaker Resources, LLC","Cincinnati, OH","Cincinnati, OH",1 to 50 employees,Company - Private,Unknown,79000,133000, OH
82,Data Engineer,4.7,"Object Partners
4.7","Saint Louis, MO","Minneapolis, MN",51 to 200 employees,Company - Private,Business Services,79000,131000, MO
85,Other,4.0,"Stripe
4.0","San Francisco, CA","San Francisco, CA",1001 to 5000 employees,Company - Private,Information Technology,79000,131000, CA
96,Data Engineer,3.5,"QOMPLX
3.5","Reston, VA","Reston, VA",51 to 200 employees,Company - Private,Information Technology,99000,132000, VA
106,Data Engineer,3.2,"Tivity Health
3.2","Chandler, AZ","Franklin, TN",501 to 1000 employees,Company - Public,Health Care,99000,132000, AZ
107,Data Engineer,2.9,"hc1
2.9","Indianapolis, IN","Indianapolis, IN",51 to 200 employees,Company - Private,Biotech & Pharmaceuticals,99000,132000, IN
88,Machine Learning Engineer,4.8,"Klaviyo
4.8","Boston, MA","Boston, MA",201 to 500 employees,Company - Private,Information Technology,79000,131000, MA
91,Machine Learning Engineer,4.4,"NuWave Solutions
4.4","Springfield, VA","Mc Lean, VA",51 to 200 employees,Company - Private,Information Technology,79000,131000, VA
134,Machine Learning Engineer,3.2,"Triplebyte
3.2",Remote,"San Francisco, CA",51 to 200 employees,Company - Private,Information Technology,90000,109000,Other
101,Machine Learning Engineer,4.4,"Stratagem Group
4.4","Aurora, CO","Aurora, CO",1 to 50 employees,Company - Private,Aerospace & Defense,99000,132000, CO
564,Other,3.3,"Tempus Labs
3.3","Chicago, IL","Chicago, IL",501 to 1000 employees,Company - Private,Biotech & Pharmaceuticals,128000,201000, IL
566,Other,4.2,"LSQ
4.2","Orlando, FL","Orlando, FL",51 to 200 employees,Company - Private,Finance,128000,201000, FL
589,Other,3.8,"Sandia National Laboratories
3.8","Livermore, CA","Albuquerque, NM",10000+ employees,Government,Government,138000,158000, CA
118,Other,5.0,"Arsenal Biosciences
5.0","South San Francisco, CA","South San Francisco, CA",51 to 200 employees,Company - Private,Biotech & Pharmaceuticals,99000,132000, CA
171,Machine Learning Scientist,3.3,"Tempus Labs
3.3","Redwood City, CA","Chicago, IL",501 to 1000 employees,Company - Private,Biotech & Pharmaceuticals,101000,165000, CA
131,Data Engineer,4.9,"Lendio
4.9","Lehi, UT","Lehi, UT",201 to 500 employees,Company - Private,Finance,90000,109000, UT
132,Data Engineer,4.4,"Direct Agents
4.4","Culver City, CA","New York, NY",51 to 200 employees,Company - Private,Business Services,90000,109000, CA
152,Data Engineer,4.2,"Procore Technologies
4.2","Carpinteria, CA","Carpinteria, CA",1001 to 5000 employees,Company - Private,Information Technology,90000,109000, CA
144,Machine Learning Engineer,5.0,"Expedition Technology, Inc.
5.0","Herndon, VA","Dulles, VA",1 to 50 employees,Company - Private,Aerospace & Defense,90000,109000, VA
308,Data Scientist,5.0,"Kollasoft Inc.
3.2","New York, NY","Irving, TX",Unknown,Company - Public,Unknown,145000,225000, NY
388,Data Scientist,0,HireAi,"San Francisco, CA",Unknown,Unknown,Unknown,Unknown,110000,163000, CA
140,Other,3.8,"ISO New England
3.8","Holyoke, MA","Holyoke, MA",501 to 1000 employees,Nonprofit Organization,"Oil, Gas, Energy & Utilities",90000,109000, MA
145,Other,3.8,"Evidera
3.8","Bethesda, MD","Bethesda, MD",501 to 1000 employees,Subsidiary or Business Segment,Biotech & Pharmaceuticals,90000,109000, MD
147,Other,2.4,"Crown Bioscience
2.4","San Diego, CA","San Diego, CA",501 to 1000 employees,Company - Private,Biotech & Pharmaceuticals,90000,109000, CA
151,Other,2.7,"Advanced BioScience Laboratories
2.7","Rockville, MD","Rockville, MD",201 to 500 employees,Company - Private,Biotech & Pharmaceuticals,90000,109000, MD
161,Data Analyst,4.1,"Shelter Insurance
4.1","Columbia, MO","Columbia, MO",1001 to 5000 employees,Company - Private,Insurance,101000,165000, MO
413,Data Scientist,3.4,"TECHNOCRAFT Solutions
3.4","San Ramon, CA","Hilliard, OH",1 to 50 employees,Company - Private,Business Services,124000,198000, CA
317,Data Scientist,3.8,"Enterprise Solutions Inc
3.8","New York, NY","Naperville, IL",51 to 200 employees,Company - Private,Business Services,145000,225000, NY
491,Data Analyst,3.9,"Nolij Consulting
3.9","Falls Church, VA","Vienna, VA",51 to 200 employees,Company - Public,Business Services,95000,119000, VA
316,Data Scientist,3.4,"Advance Sourcing Concepts
3.4","Pittsburgh, PA","Pittsburgh, PA",51 to 200 employees,Company - Private,Unknown,145000,225000, PA
320,Data Scientist,4.6,"Conch Technologies, Inc
4.6","Concord, CA","Memphis, TN",51 to 200 employees,Company - Private,Business Services,145000,225000, CA
163,Data Analyst,2.7,"USAC
2.7","Washington, DC","Washington, DC",501 to 1000 employees,Nonprofit Organization,Telecommunications,101000,165000, DC
166,Data Analyst,4.0,"Autodesk
4.0","San Francisco, CA","San Rafael, CA",5001 to 10000 employees,Company - Public,Information Technology,101000,165000, CA
167,Data Analyst,4.2,"Autodesk
4.0","San Francisco, CA","Herndon, VA",5001 to 10000 employees,Company - Public,Business Services,101000,165000, CA
168,Data Engineer,3.5,"Magna International Inc.
3.5","Birmingham, AL","Aurora, Canada",10000+ employees,Company - Public,Unknown,101000,165000, AL
258,Data Scientist,5.0,"The Drive Media, Inc.
5.0","New York, NY",Unknown,Unknown,Unknown,Unknown,90000,124000, NY
424,Data Scientist,3.4,"Voice
3.4","Brooklyn, NY",Unknown,Unknown,Company - Private,Unknown,124000,198000, NY
504,Data Scientist,0,Sophinea,"Chantilly, VA",Unknown,1 to 50 employees,Unknown,Unknown,95000,119000, VA
190,Machine Learning Scientist,4.7,"Sage Intacct
4.7","San Francisco, CA","San Jose, CA",501 to 1000 employees,Subsidiary or Business Segment,Information Technology,56000,97000, CA
181,Data Analyst,4.7,"webfx.com
4.7","Harrisburg, PA","Harrisburg, PA",201 to 500 employees,Company - Private,Business Services,56000,97000, PA
184,Data Analyst,3.9,"Life360
3.9","San Francisco, CA","San Francisco, CA",51 to 200 employees,Company - Public,Information Technology,56000,97000, CA
176,Data Engineer,4.4,"Resurgent Capital Services
4.4","Cincinnati, OH","Greenville, SC",201 to 500 employees,Company - Private,Finance,101000,165000, OH
324,Data Scientist,3.3,"Intellectual Ventures
3.3","Bellevue, WA","Bellevue, WA",501 to 1000 employees,Company - Private,Finance,79000,147000, WA
341,Data Scientist,4.8,"TechProjects
4.8","New York, NY","North Brunswick, NJ",1 to 50 employees,Company - Private,Information Technology,79000,147000, NY
343,Data Scientist,4.0,"Netskope
4.0","Santa Clara, CA","Santa Clara, CA",501 to 1000 employees,Company - Private,Information Technology,122000,146000, CA
344,Data Scientist,4.2,"Eversight
4.2","Palo Alto, CA","Palo Alto, CA",51 to 200 employees,Company - Private,Information Technology,122000,146000, CA
349,Data Scientist,5.0,"Averity
5.0","New York, NY","New York, NY",1 to 50 employees,Company - Private,Business Services,122000,146000, NY
516,Other,3.9,"Southwest Research Institute
3.9","Oklahoma City, OK","San Antonio, TX",1001 to 5000 employees,Nonprofit Organization,Business Services,212000,331000, OK
518,Other,4.8,"Klaviyo
4.8","Boston, MA","Boston, MA",201 to 500 employees,Company - Private,Information Technology,212000,331000, MA
522,Other,4.2,"10x Genomics
4.2","Raleigh, NC","Pleasanton, CA",501 to 1000 employees,Company - Public,Biotech & Pharmaceuticals,212000,331000, NC
350,Data Scientist,4.7,"Praxis Engineering
4.7","Chantilly, VA","Annapolis Junction, MD",201 to 500 employees,Subsidiary or Business Segment,Information Technology,122000,146000, VA
353,Data Scientist,4.9,"Cambridge Mobile Telematics
4.9","Cambridge, MA","Cambridge, MA",1 to 50 employees,Company - Private,Information Technology,122000,146000, MA
355,Data Scientist,5.0,"Phoenix Operations Group
5.0","Annapolis Junction, MD","Woodbine, MD",1 to 50 employees,Company - Private,Information Technology,122000,146000, MD
16,Data Scientist,4.1,"Upside Business Travel
4.1",Remote,"Washington, DC",51 to 200 employees,Company - Private,Information Technology,137000,171000,Other
363,Data Scientist,3.5,"Maxar Technologies
3.5","Herndon, VA","Westminster, CO",5001 to 10000 employees,Company - Public,Aerospace & Defense,122000,146000, VA
366,Data Scientist,3.5,"Maxar Technologies
3.5","Herndon, VA","Westminster, CO",5001 to 10000 employees,Company - Public,Aerospace & Defense,112000,116000, VA
448,Data Scientist,3.3,"Hackensack Meridian Health
3.3","Edison, NJ","Edison, NJ",10000+ employees,Nonprofit Organization,Health Care,69000,116000, NJ
449,Data Scientist,3.9,"Novartis
3.9","Cambridge, MA","Basel, Switzerland",10000+ employees,Company - Public,Biotech & Pharmaceuticals,69000,116000, MA
526,Machine Learning Scientist,3.5,"Allen Institute
3.5","Seattle, WA","Seattle, WA",201 to 500 employees,Nonprofit Organization,Business Services,212000,331000, WA
533,Data Engineer,3.9,"Thumbtack
3.9","San Francisco, CA","San Francisco, CA",501 to 1000 employees,Company - Private,Information Technology,66000,112000, CA
179,Machine Learning Engineer,3.6,"Buckman
3.5","Memphis, TN","Arlington, VA",501 to 1000 employees,Nonprofit Organization,Government,56000,97000, TN
196,Data Analyst,3.8,"Cook Children's Health Care System
3.8","Fort Worth, TX","Fort Worth, TX",5001 to 10000 employees,Nonprofit Organization,Health Care,56000,97000, TX
198,Data Analyst,4.6,"GreatAmerica Financial Services
4.6","Cedar Rapids, IA","Cedar Rapids, IA",501 to 1000 employees,Company - Private,Finance,56000,97000, IA
421,Data Analyst,4.6,"GreatAmerica Financial Services
4.6","Cedar Rapids, IA","Cedar Rapids, IA",501 to 1000 employees,Company - Private,Finance,124000,198000, IA
154,Other,0,Covid-19 Search Partners,"Hauppauge, NY",Unknown,Unknown,Unknown,Unknown,90000,109000, NY
368,Data Scientist,4.7,"Compass Consulting Group
4.7","Thousand Oaks, CA","Danville, CA",51 to 200 employees,Company - Private,Business Services,112000,116000, CA
370,Data Scientist,4.0,"AstraZeneca
4.0","Gaithersburg, MD","Cambridge, United Kingdom",10000+ employees,Company - Public,Biotech & Pharmaceuticals,112000,116000, MD
535,Machine Learning Scientist,4.1,"Apple
4.1","Santa Clara, CA","Cupertino, CA",10000+ employees,Company - Public,Information Technology,66000,112000, CA
538,Data Analyst,4.3,"The Buffalo Group
4.3","Fort Belvoir, VA","Reston, VA",501 to 1000 employees,Company - Private,Information Technology,66000,112000, VA
539,Other,4.4,"OppLoans
4.4","Chicago, IL","Chicago, IL",201 to 500 employees,Company - Private,Finance,66000,112000, IL
32,Data Scientist,5.0,"Cohere Health
5.0","Boston, MA","Boston, MA",1 to 50 employees,Company - Private,Information Technology,75000,131000, MA
372,Data Scientist,3.2,"Perspecta
3.2","Adelphi, MD","Chantilly, VA",10000+ employees,Company - Public,Aerospace & Defense,112000,116000, MD
373,Data Scientist,4.5,"Smith Hanley Associates
4.5","Washington, DC","New York, 061",1 to 50 employees,Company - Private,Business Services,112000,116000, DC
583,Data Scientist,3.3,"MITRE
3.3","Bedford, MA","Bedford, MA",5001 to 10000 employees,Nonprofit Organization,Government,138000,158000, MA
203,Data Engineer,4.4,"Rocket Lawyer
4.4","San Francisco, CA","San Francisco, CA",51 to 200 employees,Company - Private,Information Technology,79000,106000, CA
205,Data Engineer,3.6,"Alion Science & Technology
3.6","Linthicum Heights, MD","Mc Lean, VA",1001 to 5000 employees,Company - Private,Business Services,79000,106000, MD
202,Machine Learning Engineer,3.7,"Mteq
3.7","Fort Belvoir, VA","Lorton, VA",501 to 1000 employees,Company - Public,Aerospace & Defense,79000,106000, VA
219,Machine Learning Scientist,3.3,"Tempus Labs
3.3","Redwood City, CA","Chicago, IL",501 to 1000 employees,Company - Private,Biotech & Pharmaceuticals,79000,106000, CA
208,Data Analyst,2.9,"Quest Integrity
2.9","Tulsa, OK","Kent, WA",201 to 500 employees,Company - Public,"Oil, Gas, Energy & Utilities",79000,106000, OK
586,Data Engineer,3.4,"Spectrum Communications and Consulting
3.4","Chicago, IL","Chicago, IL",51 to 200 employees,Company - Private,Business Services,138000,158000, IL
588,Data Engineer,2.9,"Affinity Solutions
2.9","New York, NY","New York, NY",51 to 200 employees,Company - Private,Business Services,138000,158000, NY
590,Data Engineer,3.5,"Maxar Technologies
3.5","McLean, VA","Westminster, CO",5001 to 10000 employees,Company - Public,Aerospace & Defense,138000,158000, VA
587,Other,3.3,"Inland Empire Health Plan
3.3","Rancho Cucamonga, CA","Rancho Cucamonga, CA",1001 to 5000 employees,Company - Public,Health Care,138000,158000, CA
129,Data Scientist,3.8,"Juniper Networks
3.8","Cupertino, CA","Sunnyvale, CA",5001 to 10000 employees,Company - Public,Telecommunications,90000,109000, CA
602,Other,4.5,"Johns Hopkins University Applied Physics Laboratory
4.5","Laurel, MD","Laurel, MD",5001 to 10000 employees,Nonprofit Organization,Aerospace & Defense,80000,132000, MD
585,Other,4.4,"Homology Medicines, Inc.
4.4","New Bedford, MA","Bedford, MA",51 to 200 employees,Company - Public,Unknown,138000,158000, MA
668,Data Scientist,0,JKGT,"San Francisco, CA",Unknown,Unknown,Unknown,Unknown,105000,167000, CA
216,Data Analyst,4.3,"The Buffalo Group
4.3","Fort Belvoir, VA","Reston, VA",501 to 1000 employees,Company - Private,Information Technology,79000,106000, VA
213,Other,4.8,"Klaviyo
4.8","Boston, MA","Boston, MA",201 to 500 employees,Company - Private,Information Technology,79000,106000, MA
214,Other,3.9,"Southwest Research Institute
3.9","Oklahoma City, OK","San Antonio, TX",1001 to 5000 employees,Nonprofit Organization,Business Services,79000,106000, OK
217,Other,3.5,"Central California Alliance for Health
3.5","Scotts Valley, CA","Scotts Valley, CA",501 to 1000 employees,Nonprofit Organization,Health Care,79000,106000, CA
218,Other,3.7,"MassMutual
3.7","Boston, MA","Springfield, MA",5001 to 10000 employees,Company - Private,Insurance,79000,106000, MA
397,Data Scientist,3.5,"Maxar Technologies
3.5","Herndon, VA","Westminster, CO",5001 to 10000 employees,Company - Public,Aerospace & Defense,110000,163000, VA
406,Data Scientist,4.1,"Twitter
4.1","San Francisco, CA","San Francisco, CA",1001 to 5000 employees,Company - Public,Information Technology,124000,198000, CA
407,Data Scientist,3.2,"Postmates - Corporate HQ
3.2","San Francisco, CA","San Francisco, CA",1001 to 5000 employees,Company - Private,Transportation & Logistics,124000,198000, CA
408,Data Scientist,4.9,"Visionist, Inc.
4.9","Columbia, MD","Columbia, MD",51 to 200 employees,Company - Private,Information Technology,124000,198000, MD
410,Data Scientist,3.3,"Concerto HealthAI
3.3","Boston, MA","Boston, MA",201 to 500 employees,Company - Private,Biotech & Pharmaceuticals,124000,198000, MA
412,Data Scientist,5.0,"PROPRIUS
5.0","Sunnyvale, CA","London, United Kingdom",1 to 50 employees,Company - Private,Information Technology,124000,198000, CA
414,Data Scientist,4.1,"Latitude, Inc.
4.1","Washington, DC","Hanover, MD",1 to 50 employees,Company - Private,Business Services,124000,198000, DC
415,Data Scientist,5.0,"Royce Geospatial
5.0","Springfield, VA","Arlington, VA",51 to 200 employees,Company - Private,Aerospace & Defense,124000,198000, VA
177,Data Scientist,3.7,"PNNL
3.7","Richland, WA","Richland, WA",1001 to 5000 employees,Government,"Oil, Gas, Energy & Utilities",56000,97000, WA
178,Data Scientist,3.5,"Buckman
3.5","Memphis, TN","Memphis, TN",1001 to 5000 employees,Company - Private,Manufacturing,56000,97000, TN
33,Data Scientist,4.8,"Acuity Insurance
4.8","Sheboygan, WI","Sheboygan, WI",1001 to 5000 employees,Company - Private,Insurance,75000,131000, WI
35,Data Scientist,3.3,"Puget Sound Energy
3.3","Bothell, WA","Bellevue, WA",1001 to 5000 employees,Company - Private,"Oil, Gas, Energy & Utilities",75000,131000, WA
17,Data Scientist,3.5,"Buckman
3.5","Memphis, TN","Memphis, TN",1001 to 5000 employees,Company - Private,Manufacturing,137000,171000, TN
242,Data Engineer,3.1,"1010data
3.1","New York, NY","New York, NY",201 to 500 employees,Company - Private,Information Technology,90000,124000, NY
183,Data Scientist,3.3,"BWX Technologies
3.3","Oak Ridge, TN","Lynchburg, VA",5001 to 10000 employees,Company - Public,Aerospace & Defense,56000,97000, TN
416,Data Scientist,4.2,"CyberCoders
4.2","Phoenix, AZ","Irvine, CA",201 to 500 employees,Subsidiary or Business Segment,Business Services,124000,198000, AZ
417,Data Scientist,3.7,"Booz Allen Hamilton Inc.
3.7","Oxnard, CA","Mc Lean, VA",10000+ employees,Company - Public,Business Services,124000,198000, CA
418,Data Scientist,3.8,"Burns & McDonnell
3.8","Kansas City, MO","Kansas City, MO",5001 to 10000 employees,Company - Private,Business Services,124000,198000, MO
422,Data Scientist,4.5,"Conflux Systems Inc.
4.5","Winters, TX","Alpharetta, GA",1 to 50 employees,Company - Private,Accounting & Legal,124000,198000, TX
423,Data Scientist,3.9,"Criteo
3.9","Ann Arbor, MI","Paris, France",1001 to 5000 employees,Company - Public,Information Technology,124000,198000, MI
426,Data Scientist,4.1,"Coverent
4.1","McLean, VA","McLean, VA",51 to 200 employees,Company - Private,Business Services,124000,198000, VA
427,Data Scientist,3.7,"Via Transportation
3.7","New York, NY","New York, NY",501 to 1000 employees,Company - Private,Information Technology,79000,133000, NY
645,Machine Learning Scientist,4.1,"Apple
4.1","Santa Clara, CA","Cupertino, CA",10000+ employees,Company - Public,Information Technology,92000,155000, CA
642,Data Engineer,3.3,"Americo Life
3.3","Kansas City, MO","Kansas City, MO",201 to 500 employees,Company - Private,Insurance,92000,155000, MO
429,Data Scientist,4.6,"Conch Technologies, Inc
4.6","Concord, CA","Memphis, TN",51 to 200 employees,Company - Private,Business Services,79000,133000, CA
647,Other,3.9,"Southwest Research Institute
3.9","Oklahoma City, OK","San Antonio, TX",1001 to 5000 employees,Nonprofit Organization,Business Services,92000,155000, OK
649,Other,4.8,"Klaviyo
4.8","Boston, MA","Boston, MA",201 to 500 employees,Company - Private,Information Technology,92000,155000, MA
434,Data Scientist,3.1,"Werner Enterprises Inc
3.1","Omaha, NE","Omaha, NE",10000+ employees,Company - Public,Transportation & Logistics,79000,133000, NE
435,Data Scientist,5.0,"PeopleCom
5.0","McLean, VA","Reston, VA",1 to 50 employees,Company - Private,Unknown,79000,133000, VA
38,Data Scientist,2.2,"Great-Circle Technologies
2.2","Chantilly, VA","Chantilly, VA",1 to 50 employees,Company - Private,Information Technology,75000,131000, VA
39,Data Scientist,3.4,"Edmunds.com
3.4","Santa Monica, CA","Santa Monica, CA",501 to 1000 employees,Company - Private,Information Technology,75000,131000, CA
44,Data Scientist,4.2,"Eversight
4.2","Palo Alto, CA","Palo Alto, CA",51 to 200 employees,Company - Private,Information Technology,75000,131000, CA
46,Data Scientist,4.8,"Klaviyo
4.8","Boston, MA","Boston, MA",201 to 500 employees,Company - Private,Information Technology,75000,131000, MA
47,Data Scientist,3.3,"Intellectual Ventures
3.3","Bellevue, WA","Bellevue, WA",501 to 1000 employees,Company - Private,Finance,75000,131000, WA
48,Data Scientist,3.7,"GovTech
3.7","San Francisco, CA","Singapore, Singapore",1001 to 5000 employees,Government,Government,75000,131000, CA
49,Data Scientist,4.3,"Quick Base
4.3","Cambridge, MA","Cambridge, MA",201 to 500 employees,Company - Private,Information Technology,75000,131000, MA
51,Data Scientist,3.7,"Takeda
3.7","Cambridge, MA","OSAKA, Japan",10000+ employees,Company - Public,Biotech & Pharmaceuticals,75000,131000, MA
233,Data Analyst,3.8,"Brighthouse Financial
3.8","Charlotte, NC","Charlotte, NC",1001 to 5000 employees,Company - Public,Insurance,71000,123000, NC
238,Data Analyst,3.9,"Life360
3.9","San Francisco, CA","San Francisco, CA",51 to 200 employees,Company - Public,Information Technology,71000,123000, CA
228,Machine Learning Engineer,3.6,"Riverside Research Institute
3.6","Beavercreek, OH","Arlington, VA",501 to 1000 employees,Nonprofit Organization,Government,71000,123000, OH
229,Other,3.6,"T. Rowe Price
3.6","Baltimore, MD","Baltimore, MD",5001 to 10000 employees,Company - Public,Finance,71000,123000, MD
231,Other,3.8,"Evidera
3.8","Bethesda, MD","Bethesda, MD",501 to 1000 employees,Subsidiary or Business Segment,Biotech & Pharmaceuticals,71000,123000, MD
271,Other,4.1,"ABIOMED
4.1","Danvers, MA","Danvers, MA",1001 to 5000 employees,Company - Public,Biotech & Pharmaceuticals,91000,150000, MA
52,Data Scientist,4.0,"Netskope
4.0","San Francisco, CA","Santa Clara, CA",501 to 1000 employees,Company - Private,Information Technology,75000,131000, CA
56,Data Scientist,3.5,"Benson Hill
3.5","Saint Louis, MO","Saint Louis, MO",201 to 500 employees,Company - Private,Biotech & Pharmaceuticals,75000,131000, MO
57,Data Scientist,4.1,"Twitter
4.1","San Francisco, CA","San Francisco, CA",1001 to 5000 employees,Company - Public,Information Technology,75000,131000, CA
58,Data Scientist,3.2,"Postmates - Corporate HQ
3.2","San Francisco, CA","San Francisco, CA",1001 to 5000 employees,Company - Private,Transportation & Logistics,75000,131000, CA
230,Data Scientist,0,"Encode, Inc.","Norfolk, VA","Manalapan, NJ",1 to 50 employees,Company - Private,Information Technology,71000,123000, VA
442,Data Scientist,2.7,"Change Healthcare
2.7","Lombard, IL","Nashville, TN",10000+ employees,Company - Public,Information Technology,79000,133000, IL
0,Data Scientist,3.1,"Healthfirst
3.1","New York, NY","New York, NY",1001 to 5000 employees,Nonprofit Organization,Insurance,137000,171000, NY
1,Data Scientist,4.2,"ManTech
4.2","Chantilly, VA","Herndon, VA",5001 to 10000 employees,Company - Public,Business Services,137000,171000, VA
2,Data Scientist,3.8,"Analysis Group
3.8","Boston, MA","Boston, MA",1001 to 5000 employees,Private Practice / Firm,Business Services,137000,171000, MA
3,Data Scientist,3.5,"INFICON
3.5","Newton, MA","Bad Ragaz, Switzerland",501 to 1000 employees,Company - Public,Manufacturing,137000,171000, MA
4,Data Scientist,2.9,"Affinity Solutions
2.9","New York, NY","New York, NY",51 to 200 employees,Company - Private,Business Services,137000,171000, NY
5,Data Scientist,4.2,"HG Insights
4.2","Santa Barbara, CA","Santa Barbara, CA",51 to 200 employees,Company - Private,Information Technology,137000,171000, CA
6,Data Scientist,3.9,"Novartis
3.9","Cambridge, MA","Basel, Switzerland",10000+ employees,Company - Public,Biotech & Pharmaceuticals,137000,171000, MA
9,Data Scientist,3.6,"XSELL Technologies
3.6","Chicago, IL","Chicago, IL",51 to 200 employees,Company - Private,Information Technology,137000,171000, IL
11,Data Scientist,4.7,"1904labs
4.7","Saint Louis, MO","Saint Louis, MO",51 to 200 employees,Company - Private,Information Technology,137000,171000, MO
310,Data Scientist,4.4,"Adwait Algorithm
4.4","New York, NY","Houston, TX",51 to 200 employees,Company - Private,Information Technology,145000,225000, NY
323,Data Scientist,3.7,"GovTech
3.7","San Francisco, CA","Singapore, Singapore",1001 to 5000 employees,Government,Government,79000,147000, CA
379,Data Scientist,3.7,"Carolina Power & Light Co
3.7","McLean, VA","Raleigh, NC",5001 to 10000 employees,Subsidiary or Business Segment,"Oil, Gas, Energy & Utilities",112000,116000, VA
527,Data Scientist,2.7,"1-800-Flowers
2.7","New York, NY","Carle Place, NY",1001 to 5000 employees,Company - Public,Business Services,212000,331000, NY
528,Data Scientist,3.5,"Aptive
3.5","Washington, DC","Alexandria, VA",51 to 200 employees,Company - Private,Business Services,212000,331000, DC
446,Data Scientist,4.5,"Envision LLC
4.5","Saint Louis, MO","Saint Louis, MO",201 to 500 employees,Company - Private,Business Services,69000,116000, MO
247,Data Scientist,3.9,"Trace Data
3.9","Oakland, CA","Santa Ana, CA",51 to 200 employees,Company - Private,Insurance,90000,124000, CA
244,Other,5.0,"Genesis Research
5.0","Hoboken, NJ","Hoboken, NJ",1 to 50 employees,Company - Private,Biotech & Pharmaceuticals,90000,124000, NJ
249,Other,4.2,"Rincon Research Corporation
4.2","Melbourne, FL","Tucson, AZ",201 to 500 employees,Company - Private,Aerospace & Defense,90000,124000, FL
256,Other,3.1,"Battelle
3.1","Norwell, MA","Columbus, OH",10000+ employees,Nonprofit Organization,Business Services,90000,124000, MA
257,Other,4.2,"Ntrepid
4.2","Herndon, VA","Herndon, VA",201 to 500 employees,Company - Private,Information Technology,90000,124000, VA
62,Data Scientist,3.5,"iRobot
3.5","Bedford, MA","Bedford, MA",1001 to 5000 employees,Company - Public,Retail,79000,131000, MA
63,Data Scientist,4.2,"HG Insights
4.2","Santa Barbara, CA","Santa Barbara, CA",51 to 200 employees,Company - Private,Information Technology,79000,131000, CA
260,Machine Learning Scientist,4.7,"Sage Intacct
4.7","San Francisco, CA","San Jose, CA",501 to 1000 employees,Subsidiary or Business Segment,Information Technology,90000,124000, CA
259,Data Engineer,2.9,"Affinity Solutions
2.9","San Jose, CA","New York, NY",51 to 200 employees,Company - Private,Business Services,90000,124000, CA
269,Data Engineer,5.0,"Paige
5.0","New York, NY","New York, NY",1 to 50 employees,Company - Private,Information Technology,91000,150000, NY
270,Data Engineer,4.1,"Shape Security
4.1","Santa Clara, CA","Mountain View, CA",51 to 200 employees,Company - Private,Information Technology,91000,150000, CA
265,Other,3.8,"Analysis Group
3.8","Boston, MA","Boston, MA",1001 to 5000 employees,Private Practice / Firm,Business Services,91000,150000, MA
66,Data Scientist,3.7,"Via Transportation
3.7","New York, NY","New York, NY",501 to 1000 employees,Company - Private,Information Technology,79000,131000, NY
67,Data Scientist,4.0,"Grid Dynamics
4.0","Santa Clara, CA","San Ramon, CA",1001 to 5000 employees,Company - Private,Information Technology,79000,131000, CA
69,Data Scientist,2.5,"CareDx
2.5","Brisbane, CA","Brisbane, CA",1 to 50 employees,Company - Private,Biotech & Pharmaceuticals,79000,131000, CA
71,Data Scientist,3.3,"Tempus Labs
3.3","Redwood City, CA","Chicago, IL",501 to 1000 employees,Company - Private,Biotech & Pharmaceuticals,79000,131000, CA
72,Data Scientist,4.0,"Autodesk
4.0","San Francisco, CA","San Rafael, CA",5001 to 10000 employees,Company - Public,Information Technology,79000,131000, CA
77,Data Scientist,3.5,"The Knot Worldwide
3.5","Washington, DC","Chevy Chase, MD",1001 to 5000 employees,Company - Private,Information Technology,79000,131000, DC
276,Data Analyst,3.8,"FHLBank Pittsburgh
3.8","Pittsburgh, PA","Pittsburgh, PA",201 to 500 employees,Company - Private,Finance,91000,150000, PA
578,Data Engineer,3.9,"Navy Federal Credit Union
3.9","Merrifield, VA","Vienna, VA",10000+ employees,Other Organization,Finance,138000,158000, VA
89,Data Scientist,3.9,"Mars
3.9",United States,"Mc Lean, VA",10000+ employees,Company - Private,Manufacturing,79000,131000,Other
577,Other,3.8,"Applied Research Laboratories
3.8","Austin, TX","Austin, TX",501 to 1000 employees,College / University,Education,138000,158000, TX
579,Other,2.0,"Conagen
2.0","New Bedford, MA","Bedford, MA",51 to 200 employees,Company - Private,Biotech & Pharmaceuticals,138000,158000, MA
78,Data Scientist,2.9,"IFG Companies
2.9","New York, NY","Hartford, CT",201 to 500 employees,Company - Private,Insurance,79000,131000, NY
511,Data Scientist,5.0,"Blue Horizon Tek Solutions
5.0","New York, NY","Coconut Creek, FL",1 to 50 employees,Company - Private,Business Services,212000,331000, NY
87,Data Scientist,4.5,"Fullpower Technologies, Inc.
4.5","Santa Cruz, CA","Santa Cruz, CA",51 to 200 employees,Company - Private,Information Technology,79000,131000, CA
93,Data Scientist,3.6,"Merrick Bank
3.6",Utah,"South Jordan, UT",201 to 500 employees,Company - Private,Finance,79000,131000,Other
473,Data Scientist,4.0,"Trexquant Investment
4.0",United States,"Stamford, CT",1 to 50 employees,Company - Private,Finance,31000,56000,Other
92,Data Scientist,4.2,"ManTech
4.2","Alexandria, VA","Herndon, VA",5001 to 10000 employees,Company - Public,Business Services,79000,131000, VA
94,Data Scientist,3.4,"Mathematica Policy Research
3.4","Washington, DC","Princeton, NJ",1001 to 5000 employees,Company - Private,Business Services,99000,132000, DC
98,Data Scientist,3.8,"GutCheck
3.8","Denver, CO","Denver, CO",51 to 200 employees,Company - Private,Business Services,99000,132000, CO
99,Data Scientist,3.5,"Inter-American Development Bank
3.5","Washington, DC","Washington, DC",1001 to 5000 employees,Other Organization,Finance,99000,132000, DC
102,Data Scientist,4.1,"Evidation
4.1","Santa Barbara, CA","San Mateo, CA",51 to 200 employees,Company - Private,Information Technology,99000,132000, CA
474,Data Scientist,3.0,"Ameritas Life Insurance Corp
3.0","Cincinnati, OH","Lincoln, NE",1001 to 5000 employees,Company - Private,Insurance,31000,56000, OH
475,Data Scientist,3.7,"Fleetcor
3.7","Atlanta, GA","Atlanta, GA",5001 to 10000 employees,Company - Public,Finance,31000,56000, GA
608,Data Scientist,3.2,"IMG Systems
3.2","Plano, TX","Plano, TX",1 to 50 employees,Company - Private,Business Services,80000,132000, TX
481,Data Scientist,3.4,"USI
3.4","Southfield, MI","Saint Paul, MN",1001 to 5000 employees,Company - Private,"Construction, Repair & Maintenance",31000,56000, MI
478,Data Scientist,4.1,"IntelliPro Group Inc.
4.1","Santa Clara, CA","Santa Clara, CA",201 to 500 employees,Company - Private,Unknown,31000,56000, CA
100,Data Scientist,4.9,"Avlino
4.9","New Jersey, NJ","Holmdel, NJ",1 to 50 employees,Company - Private,Information Technology,99000,132000, NJ
103,Data Scientist,4.0,"Autodesk
4.0","San Francisco, CA","San Rafael, CA",5001 to 10000 employees,Company - Public,Information Technology,99000,132000, CA
104,Data Scientist,4.4,"Intuit - Data
4.4","San Diego, CA","Mountain View, CA",5001 to 10000 employees,Company - Public,Information Technology,99000,132000, CA
105,Data Scientist,3.8,"Tecolote Research
3.8","Hill AFB, UT","Goleta, CA",501 to 1000 employees,Company - Private,Aerospace & Defense,99000,132000, UT
112,Data Scientist,3.5,"Maxar Technologies
3.5","Herndon, VA","Westminster, CO",5001 to 10000 employees,Company - Public,Aerospace & Defense,99000,132000, VA
114,Data Scientist,4.0,"Noblis
4.0","Reston, VA","Reston, VA",1001 to 5000 employees,Nonprofit Organization,Business Services,99000,132000, VA
115,Data Scientist,3.6,"Spring Health
3.6","New York, NY","New York, NY",1 to 50 employees,Company - Private,Health Care,99000,132000, NY
120,Data Scientist,4.5,"TACG Solutions
4.5","Dayton, OH","Beavercreek, OH",51 to 200 employees,Company - Private,Business Services,99000,132000, OH
122,Data Scientist,4.5,"Novetta
4.5","Herndon, VA","Mc Lean, VA",501 to 1000 employees,Company - Private,Information Technology,99000,132000, VA
297,Data Analyst,4.5,"ShorePoint
4.5","Reston, VA","Washington, DC",1 to 50 employees,Company - Private,Information Technology,141000,225000, VA
581,Data Analyst,3.9,"Navy Federal Credit Union
3.9","Merrifield, VA","Vienna, VA",10000+ employees,Other Organization,Finance,138000,158000, VA
305,Other,3.4,"TrueAccord
3.4",Remote,"San Francisco, CA",51 to 200 employees,Company - Private,Information Technology,145000,225000,Other
580,Other,4.8,"Alector
4.8","South San Francisco, CA","South San Francisco, CA",51 to 200 employees,Company - Public,Biotech & Pharmaceuticals,138000,158000, CA
582,Other,3.3,"Reynolds American
3.3","Winston-Salem, NC","Winston-Salem, NC",5001 to 10000 employees,Company - Private,Manufacturing,138000,158000, NC
125,Data Scientist,3.8,"Juniper Networks
3.8","Cupertino, CA","Sunnyvale, CA",5001 to 10000 employees,Company - Public,Telecommunications,99000,132000, CA
130,Data Scientist,5.0,"Notion Labs
5.0","San Francisco, CA","San Francisco, CA",1 to 50 employees,Company - Private,Information Technology,90000,109000, CA
133,Data Scientist,3.3,"NAVEX Global
3.3","Lake Oswego, OR","Lake Oswego, OR",1001 to 5000 employees,Company - Private,Information Technology,90000,109000, OR
137,Data Scientist,4.2,"Upstart
4.2","San Mateo, CA","San Mateo, CA",201 to 500 employees,Company - Private,Finance,90000,109000, CA
142,Data Scientist,3.3,"Tempo Automation
3.3","San Francisco, CA","San Francisco, CA",51 to 200 employees,Company - Private,Manufacturing,90000,109000, CA
143,Data Scientist,3.3,"MITRE
3.3","McLean, VA","Bedford, MA",5001 to 10000 employees,Nonprofit Organization,Government,90000,109000, VA
146,Data Scientist,3.4,"Plymouth Rock Assurance
3.4","Woodbridge, NJ","Boston, MA",1001 to 5000 employees,Company - Private,Insurance,90000,109000, NJ
148,Data Scientist,2.9,"GNS Healthcare
2.9","Cambridge, MA","Cambridge, MA",51 to 200 employees,Company - Private,Biotech & Pharmaceuticals,90000,109000, MA
150,Data Scientist,2.9,"SPECTRUM
2.9","Maryland Heights, MO","Stamford, CT",10000+ employees,Subsidiary or Business Segment,Telecommunications,90000,109000, MO
611,Data Scientist,3.6,"Merrick Bank
3.6",Utah,"South Jordan, UT",201 to 500 employees,Company - Private,Finance,87000,141000,Other
517,Data Scientist,2.7,"Hexagon US Federal
2.7","Lexington Park, MD","Chantilly, VA",51 to 200 employees,Company - Public,Aerospace & Defense,212000,331000, MD
520,Data Scientist,4.0,"Comtech Global Inc
4.0","Washington, DC","Columbus, OH",51 to 200 employees,Company - Private,Consumer Services,212000,331000, DC
521,Data Scientist,3.8,"Aveshka, Inc.
3.8","Washington, DC","Arlington, VA",51 to 200 employees,Company - Public,Information Technology,212000,331000, DC
609,Data Scientist,3.4,"Trident Systems Inc
3.4","Fairfax, VA","Fairfax, VA",51 to 200 employees,Company - Private,Aerospace & Defense,80000,132000, VA
612,Data Scientist,4.2,"ManTech
4.2","Alexandria, VA","Herndon, VA",5001 to 10000 employees,Company - Public,Business Services,87000,141000, VA
525,Data Scientist,4.5,"Smith Hanley Associates
4.5","Washington, DC","New York, 061",1 to 50 employees,Company - Private,Business Services,212000,331000, DC
515,Data Scientist,3.6,"Alaka`ina Foundation Family of Companies
3.6","Fort Sam Houston, TX","Honolulu, HI",501 to 1000 employees,Government,Unknown,212000,331000, TX
512,Data Scientist,3.5,"Maxar Technologies
3.5","Herndon, VA","Westminster, CO",5001 to 10000 employees,Company - Public,Aerospace & Defense,212000,331000, VA
390,Machine Learning Scientist,3.3,"Tempus Labs
3.3","Redwood City, CA","Chicago, IL",501 to 1000 employees,Company - Private,Biotech & Pharmaceuticals,110000,163000, CA
311,Data Analyst,3.8,"Cook Children's Health Care System
3.8","Fort Worth, TX","Fort Worth, TX",5001 to 10000 employees,Nonprofit Organization,Health Care,145000,225000, TX
312,Other,3.8,"Rubius Therapeutics
3.8","Smithfield, RI","Cambridge, MA",201 to 500 employees,Company - Public,Biotech & Pharmaceuticals,145000,225000, RI
387,Other,3.6,"Biogen
3.6","Cambridge, MA","Cambridge, MA",5001 to 10000 employees,Company - Public,Biotech & Pharmaceuticals,110000,163000, MA
600,Data Scientist,2.9,"Pragmatics, Inc.
2.9",United States,"Reston, VA",201 to 500 employees,Company - Private,Information Technology,80000,132000,Other
601,Data Scientist,3.2,"ConsumerTrack
3.2",California,"Los Angeles, CA",51 to 200 employees,Company - Private,Information Technology,80000,132000,Other
419,Data Scientist,4.8,"InvenTech Info
4.8","Jersey City, NJ","Bengaluru, India",201 to 500 employees,Company - Private,Information Technology,124000,198000, NJ
420,Data Scientist,3.5,"Robert Half
3.5","Manchester, NH","Menlo Park, CA",10000+ employees,Company - Public,Business Services,124000,198000, NH
155,Data Scientist,4.2,"bioMrieux
4.2","Saint Louis, MO","Marcy-l'Etoile, France",10000+ employees,Company - Private,Biotech & Pharmaceuticals,90000,109000, MO
156,Data Scientist,4.5,"Novetta
4.5","Herndon, VA","Mc Lean, VA",501 to 1000 employees,Company - Private,Information Technology,101000,165000, VA
593,Data Scientist,3.4,"USI
3.4","Southfield, MI","Saint Paul, MN",1001 to 5000 employees,Company - Private,"Construction, Repair & Maintenance",80000,132000, MI
596,Data Scientist,4.5,"Maven Wave Partners
4.5","Chicago, IL","Chicago, IL",201 to 500 employees,Company - Private,Business Services,80000,132000, IL
597,Data Scientist,4.3,"Ovative Group
4.3","Minneapolis, MN","Minneapolis, MN",51 to 200 employees,Company - Private,Business Services,80000,132000, MN
599,Data Scientist,2.9,"Envision Healthcare
2.9","Nashville, TN","Nashville, TN",10000+ employees,Company - Private,Health Care,80000,132000, TN
603,Data Scientist,5.0,"Phoenix Operations Group
5.0","Annapolis Junction, MD","Woodbine, MD",1 to 50 employees,Company - Private,Information Technology,80000,132000, MD
604,Data Scientist,3.5,"Crossover Health
3.5","San Clemente, CA","Aliso Viejo, CA",1 to 50 employees,Company - Private,Health Care,80000,132000, CA
598,Data Scientist,3.6,"Kognetics
3.6","Gahanna, OH","New York, NY",1 to 50 employees,Company - Private,Unknown,80000,132000, OH
620,Data Scientist,3.3,"Cubic
3.3",United States,"San Diego, CA",5001 to 10000 employees,Company - Public,Aerospace & Defense,87000,141000,Other
616,Data Scientist,2.8,"Progress Rail, A Caterpillar Company
2.8","Fort Worth, TX","Albertville, AL",1001 to 5000 employees,Subsidiary or Business Segment,Transportation & Logistics,87000,141000, TX
617,Data Scientist,4.2,"UST Global
4.2","Atlanta, GA","Aliso Viejo, CA",10000+ employees,Company - Private,Information Technology,87000,141000, GA
618,Data Scientist,4.5,"Axiologic Solutions
4.5","Alexandria, VA","Fairfax, VA",51 to 200 employees,Company - Private,Aerospace & Defense,87000,141000, VA
619,Data Scientist,3.0,"Indigo Slate
3.0","Bellevue, WA","Bellevue, WA",51 to 200 employees,Company - Private,Business Services,87000,141000, WA
157,Data Scientist,4.4,"Guzman & Griffin Technologies (GGTI)
4.4","Washington, DC","Mays Landing, NJ",1 to 50 employees,Company - Private,Government,101000,165000, DC
159,Data Scientist,3.5,"Leidos
3.5","Fort Meade, MD","Reston, VA",10000+ employees,Company - Public,Aerospace & Defense,101000,165000, MD
160,Data Scientist,4.5,"Demandbase
4.5","San Francisco, CA","San Francisco, CA",201 to 500 employees,Company - Private,Information Technology,101000,165000, CA
162,Data Scientist,3.5,"Maxar Technologies
3.5","Chantilly, VA","Westminster, CO",5001 to 10000 employees,Company - Public,Aerospace & Defense,101000,165000, VA
165,Data Scientist,4.4,"Offerpad
4.4","Chandler, AZ","Chandler, AZ",201 to 500 employees,Company - Private,Real Estate,101000,165000, AZ
170,Data Scientist,3.4,"Kelly
3.4","Chicago, IL","Troy, MI",5001 to 10000 employees,Company - Public,Business Services,101000,165000, IL
204,Data Scientist,3.9,"Novartis
3.9","Cambridge, MA","Basel, Switzerland",10000+ employees,Company - Public,Biotech & Pharmaceuticals,79000,106000, MA
209,Data Scientist,5.0,"Phoenix Operations Group
5.0","Annapolis Junction, MD","Woodbine, MD",1 to 50 employees,Company - Private,Information Technology,79000,106000, MD
623,Data Scientist,3.5,"WGSN
3.5","Baltimore, MD","New York, NY",1 to 50 employees,Company - Private,Business Services,87000,141000, MD
621,Data Scientist,4.0,"Advanced Bio-Logic Solutions Corp
4.0","Thousand Oaks, CA","Westlake Village, CA",1 to 50 employees,Company - Private,Unknown,87000,141000, CA
615,Data Scientist,0,Sprezzatura Management Consulting,"Washington, VA","McLean, VA",Unknown,Company - Private,Unknown,87000,141000, VA
613,Data Scientist,0,"GrainBridge, LLC","Omaha, NE",Unknown,Unknown,Unknown,Unknown,87000,141000, NE
627,Data Scientist,4.6,"Murray Resources
4.6","The Woodlands, TX","Houston, TX",1 to 50 employees,Company - Private,Business Services,87000,141000, TX
210,Data Scientist,3.4,"Dice.com
3.4","Newton, MA","Denver, CO",201 to 500 employees,Subsidiary or Business Segment,Business Services,79000,106000, MA
211,Data Scientist,3.5,"Maxar Technologies
3.5","Herndon, VA","Westminster, CO",5001 to 10000 employees,Company - Public,Aerospace & Defense,79000,106000, VA
212,Data Scientist,5.0,"Phoenix Operations Group
5.0","Baltimore, MD","Woodbine, MD",1 to 50 employees,Company - Private,Information Technology,79000,106000, MD
215,Data Scientist,4.0,"AstraZeneca
4.0","Gaithersburg, MD","Cambridge, United Kingdom",10000+ employees,Company - Public,Biotech & Pharmaceuticals,79000,106000, MD
241,Data Scientist,4.8,"Acuity Insurance
4.8","Sheboygan, WI","Sheboygan, WI",1001 to 5000 employees,Company - Private,Insurance,90000,124000, WI
221,Data Scientist,4.3,"PulsePoint
4.3","New York, NY","New York, NY",51 to 200 employees,Company - Private,Information Technology,71000,123000, NY
222,Data Scientist,4.2,"LSQ
4.2","Orlando, FL","Orlando, FL",51 to 200 employees,Company - Private,Finance,71000,123000, FL
224,Data Scientist,3.6,"Opendoor
3.6","San Francisco, CA","San Francisco, CA",501 to 1000 employees,Company - Private,Real Estate,71000,123000, CA
669,Data Scientist,0,AccessHope,"Irwindale, CA",Unknown,Unknown,Unknown,Unknown,105000,167000, CA
331,Other,3.7,"Blue Cross and Blue Shield of North Carolina
3.7","Durham, NC","Durham, NC",1001 to 5000 employees,Company - Private,Insurance,79000,147000, NC
225,Data Scientist,4.5,"Global Data Management Inc
4.5","Hartford, CT","Woodbridge, NJ",51 to 200 employees,Company - Private,Information Technology,71000,123000, CT
226,Data Scientist,3.0,"Photon Infotech
3.0","Chicago, IL","Chennai, India",1001 to 5000 employees,Company - Private,Information Technology,71000,123000, IL
243,Data Scientist,3.6,"Gigya
3.6","Palo Alto, CA","Mountain View, CA",201 to 500 employees,Company - Private,Information Technology,90000,124000, CA
480,Data Scientist,4.7,"Praxis Engineering
4.7","Chantilly, VA","Annapolis Junction, MD",201 to 500 employees,Subsidiary or Business Segment,Information Technology,31000,56000, VA
347,Data Engineer,3.5,"Western Digital
3.5","San Jose, CA","San Jose, CA",10000+ employees,Company - Public,Information Technology,122000,146000, CA
248,Data Scientist,4.3,"Descript
4.3","San Francisco, CA","Houston, TX",1 to 50 employees,Company - Private,Unknown,90000,124000, CA
193,Data Scientist,5.0,"SkillSoniq
5.0","San Francisco, CA","Jersey City, NJ",Unknown,Company - Public,Unknown,56000,97000, CA
641,Data Scientist,4.7,"Unicom Technologies INC
4.7","Chicago, IL","Naperville, IL",51 to 200 employees,Company - Private,Information Technology,92000,155000, IL
648,Data Scientist,4.7,"Compass Consulting Group
4.7","Thousand Oaks, CA","Danville, CA",51 to 200 employees,Company - Private,Business Services,92000,155000, CA
652,Data Scientist,3.8,"GutCheck
3.8","Denver, CO","Denver, CO",51 to 200 employees,Company - Private,Business Services,105000,167000, CO
653,Data Scientist,3.8,"Juniper Networks
3.8","Cupertino, CA","Sunnyvale, CA",5001 to 10000 employees,Company - Public,Telecommunications,105000,167000, CA
654,Data Scientist,2.7,"Hexagon US Federal
2.7","Lexington Park, MD","Chantilly, VA",51 to 200 employees,Company - Public,Aerospace & Defense,105000,167000, MD
655,Data Scientist,4.0,"Comtech Global Inc
4.0","Washington, DC","Columbus, OH",51 to 200 employees,Company - Private,Consumer Services,105000,167000, DC
657,Data Scientist,0,Kehe Food Distributors,"Naperville, IL",Unknown,Unknown,Unknown,Unknown,105000,167000, IL
658,Data Scientist,3.8,"Aveshka, Inc.
3.8","Washington, DC","Arlington, VA",51 to 200 employees,Company - Public,Information Technology,105000,167000, DC
659,Data Scientist,3.2,"Perspecta
3.2","Adelphi, MD","Chantilly, VA",10000+ employees,Company - Public,Aerospace & Defense,105000,167000, MD
195,Data Scientist,4.3,"Joby Aviation
4.3","San Carlos, CA","Santa Cruz, CA",51 to 200 employees,Company - Private,Unknown,56000,97000, CA
476,Data Scientist,4.5,"Radiant Digital
4.5","Washington, DC","New York, NY",1 to 50 employees,Company - Private,Unknown,31000,56000, DC
371,Data Scientist,4.4,"SolutionIT, Inc.
4.4","Edison, NJ","Wilmington, MA",51 to 200 employees,Company - Private,Unknown,112000,116000, NJ
610,Data Scientist,4.7,"Tygart Technology, Inc
4.7","Washington, DC","Fairmont, WV",1 to 50 employees,Company - Private,Unknown,80000,132000, DC
662,Data Scientist,4.4,"SolutionIT, Inc.
4.4","Edison, NJ","Wilmington, MA",51 to 200 employees,Company - Private,Unknown,105000,167000, NJ
495,Data Scientist,0,Hatch Data Inc,"San Francisco, CA",Unknown,Unknown,Unknown,Unknown,95000,119000, CA
459,Data Scientist,0,Blue Cloak LLC,"Sterling, VA",Unknown,Unknown,Unknown,Unknown,69000,116000, VA
158,Machine Learning Engineer,0,Radical Convergence,"Reston, VA",Unknown,Unknown,Unknown,Unknown,101000,165000, VA
650,Other,0,Monte Rosa Therapeutics,"Cambridge, MA",Unknown,Unknown,Unknown,Unknown,92000,155000, MA
234,Data Scientist,3.5,"Argo Group US
3.5","New York, NY","Hamilton, Bermuda",1001 to 5000 employees,Company - Public,Insurance,71000,123000, NY
356,Data Analyst,3.9,"Nolij Consulting
3.9","Falls Church, VA","Vienna, VA",51 to 200 employees,Company - Public,Business Services,122000,146000, VA
354,Data Engineer,4.6,"Blend360
4.6","Columbia, MD","Columbia, MD",51 to 200 employees,Company - Private,Business Services,122000,146000, MD
403,Data Analyst,3.6,"Community Behavioral Health
3.6","Philadelphia, PA","Phila, PA",201 to 500 employees,Company - Private,Health Care,110000,163000, PA
223,Data Engineer,4.4,"Resurgent Capital Services
4.4","Cincinnati, OH","Greenville, SC",201 to 500 employees,Company - Private,Finance,71000,123000, OH
584,Machine Learning Engineer,5.0,"LifeOmic
5.0","Raleigh, NC","Indianapolis, IN",51 to 200 employees,Company - Private,Information Technology,138000,158000, NC
352,Other,4.5,"Johns Hopkins University Applied Physics Laboratory
4.5","Laurel, MD","Laurel, MD",5001 to 10000 employees,Nonprofit Organization,Aerospace & Defense,122000,146000, MD
656,Data Scientist,0,Berico Technologies,"Fort Belvoir, VA",Unknown,Unknown,Unknown,Unknown,105000,167000, VA
351,Data Scientist,0,Point72 Ventures,"Palo Alto, CA",Unknown,Unknown,Unknown,Unknown,122000,146000, CA
555,Data Scientist,0,HireAi,"San Francisco, CA",Unknown,Unknown,Unknown,Unknown,128000,201000, CA
252,Data Scientist,3.3,"Parker Hannifin
3.3","Cleveland, OH","Cleveland, OH",10000+ employees,Company - Public,Manufacturing,90000,124000, OH
253,Data Scientist,4.1,"Gallup
4.1","New York, NY","Washington, DC",1001 to 5000 employees,Company - Private,Business Services,90000,124000, NY
254,Data Scientist,3.3,"Insider Inc
3.3","New York, NY","New York, NY",201 to 500 employees,Company - Private,Media,90000,124000, NY
272,Data Scientist,3.5,"Comcast
3.5","New York, NY","Philadelphia, PA",10000+ employees,Company - Public,Unknown,91000,150000, NY
251,Data Scientist,4.0,"Better Hire
4.0","Birmingham, AL","Birmingham, AL",1 to 50 employees,Company - Private,Unknown,90000,124000, AL
393,Data Engineer,4.5,"Kingfisher Systems
4.5","Falls Church, VA","Falls Church, VA",51 to 200 employees,Company - Private,Government,110000,163000, VA
394,Other,3.3,"Tempus Labs
3.3","Chicago, IL","Chicago, IL",501 to 1000 employees,Company - Private,Biotech & Pharmaceuticals,110000,163000, IL
395,Other,3.4,"Liberty Mutual Insurance
3.4","Indianapolis, IN","Boston, MA",10000+ employees,Company - Private,Insurance,110000,163000, IN
261,Data Scientist,3.6,"Constant Contact
3.6","Waltham, MA","Waltham, MA",Unknown,Subsidiary or Business Segment,Business Services,90000,124000, MA
20,Data Scientist,3.2,"Triplebyte
3.2","New York, NY","San Francisco, CA",51 to 200 employees,Company - Private,Information Technology,137000,171000, NY
21,Data Scientist,4.3,"PulsePoint
4.3","New York, NY","New York, NY",51 to 200 employees,Company - Private,Information Technology,137000,171000, NY
400,Data Analyst,4.5,"Novetta
4.5","Herndon, VA","Mc Lean, VA",501 to 1000 employees,Company - Private,Information Technology,110000,163000, VA
291,Data Scientist,4.4,"VBeyond Corporation
4.4","Dallas, TX","Hillsborough, NJ",201 to 500 employees,Company - Private,Business Services,141000,225000, TX
439,Data Scientist,3.5,"Farmer's Business Network, Inc.
3.5","San Carlos, CA","San Carlos, CA",201 to 500 employees,Company - Private,Agriculture & Forestry,79000,133000, CA
437,Data Scientist,0,B4Corp,"Reston, VA","Leesburg, VA",51 to 200 employees,Company - Private,Information Technology,79000,133000, VA
440,Data Scientist,0,Sonde Health,"Boston, MA","Boston, MA",1 to 50 employees,Private Practice / Firm,Health Care,79000,133000, MA
462,Data Scientist,3.2,"Numeric, LLC
3.2","Philadelphia, PA","Chadds Ford, PA",1 to 50 employees,Company - Private,Business Services,69000,116000, PA
670,Data Scientist,5.0,"ChaTeck Incorporated
5.0","San Francisco, CA","Santa Clara, CA",1 to 50 employees,Company - Private,Business Services,105000,167000, CA
671,Data Scientist,2.7,"1-800-Flowers
2.7","New York, NY","Carle Place, NY",1001 to 5000 employees,Company - Public,Business Services,105000,167000, NY
169,Data Analyst,2.3,"United BioSource
2.3","Blue Bell, PA","Blue Bell, PA",1001 to 5000 employees,Other Organization,Biotech & Pharmaceuticals,101000,165000, PA
660,Data Scientist,0,Pactera Edge,"Redmond, WA",Unknown,Unknown,Unknown,Unknown,105000,167000, WA
149,Other,4.4,"OneMagnify
4.4","Dearborn, MI","Detroit, MI",201 to 500 employees,Company - Private,Business Services,90000,109000, MI
207,Other,3.7,"Protolabs
3.7","Maple Plain, MN","Maple Plain, MN",1001 to 5000 employees,Company - Public,Manufacturing,79000,106000, MN
345,Other,3.7,"Protolabs
3.7","Maple Plain, MN","Maple Plain, MN",1001 to 5000 employees,Company - Public,Manufacturing,122000,146000, MN
398,Other,4.0,"Dynetics
4.0","Huntsville, AL","Huntsville, AL",1001 to 5000 employees,Company - Private,Aerospace & Defense,110000,163000, AL
575,Other,4.5,"Systems & Technology Research
4.5","Woburn, MA","Woburn, MA",201 to 500 employees,Company - Private,Aerospace & Defense,138000,158000, MA
